id,name,description,direction,is_dwell_times_filtering_countline,is_anpr,is_speed,start_lat,start_long,end_lat,end_long,mean_lat,mean_lon
13452,S1_BootsBridge_NOT002,,CLOCKWISE_AND_ANTICLOCKWISE,False,False,True,52.932629,-1.1853,52.932678,-1.1852,52.9326535,-1.18525
13812,S3_DerbyRd_West_not002,,ANTICLOCKWISE_ONLY,False,False,True,52.944824,-1.18863,52.944897,-1.188695,52.9448605,-1.1886625
13813,S3_DerbyRd_Path_not002,,CLOCKWISE_AND_ANTICLOCKWISE,False,False,False,52.944798,-1.188636,52.944817,-1.188644,52.944807499999996,-1.18864
13814,S2_DerbyRd_not002,,CLOCKWISE_AND_ANTICLOCKWISE,False,False,True,52.955082,-1.164586,52.955173,-1.164638,52.9551275,-1.164612
13818,S4_AbbeyBridge_Path_LHS_not002,,CLOCKWISE_AND_ANTICLOCKWISE,False,False,False,52.946484,-1.171999,52.946507,-1.172029,52.9464955,-1.172014
13819,S4_AbbeyBridge_CyclePath_not002,,CLOCKWISE_AND_ANTICLOCKWISE,False,False,True,52.946495,-1.172055,52.946522,-1.172088,52.9465085,-1.1720715
13820,S4_AbbeyBridge_not002,,CLOCKWISE_AND_ANTICLOCKWISE,False,False,True,52.946507,-1.172117,52.946564,-1.172204,52.946535499999996,-1.1721605
13821,S4_AbbeyBridge_Path_RHS_not002,,CLOCKWISE_AND_ANTICLOCKWISE,False,False,False,52.946564,-1.172204,52.946583,-1.172238,52.9465735,-1.172221
13823,S12_BeestonRd_not002,,CLOCKWISE_AND_ANTICLOCKWISE,False,False,True,52.938217,-1.18603,52.938309,-1.186129,52.938263,-1.1860795
13826,S5_BeestonRd_West_not002,,ANTICLOCKWISE_ONLY,False,False,True,52.939854,-1.182534,52.939899,-1.182583,52.9398765,-1.1825584999999998
13827,S6_BeestonRd_East_not002,,CLOCKWISE_ONLY,False,False,True,52.939919,-1.182546,52.939972,-1.182614,52.9399455,-1.1825800000000002
13829,S15_DerbyRd_West_not002,,CLOCKWISE_ONLY,False,False,True,52.944923,-1.188667,52.944958,-1.188687,52.9449405,-1.188677
13830,S15_DerbyRd_Path_not002,,CLOCKWISE_AND_ANTICLOCKWISE,False,False,False,52.944984,-1.188731,52.945015,-1.188754,52.944999499999994,-1.1887425
13837,S15_DerbyRd_Bus_not002,,CLOCKWISE_ONLY,False,False,True,52.944954,-1.188711,52.944984,-1.188733,52.944969,-1.188722
15673,S35_TrentBridge_southbound_road_not002,,CLOCKWISE_ONLY,False,False,True,52.93882,-1.13729,52.938835,-1.137223,52.9388275,-1.1372565
15674,S35_TrentBridge_southbound_path_RHS_not002,,CLOCKWISE_AND_ANTICLOCKWISE,False,False,False,52.938835,-1.137223,52.938854,-1.137192,52.9388445,-1.1372075000000001
15675,S31_CaltonRd_road_not002,,CLOCKWISE_AND_ANTICLOCKWISE,False,False,True,52.958546,-1.126316,52.958569,-1.126343,52.9585575,-1.1263295000000002
15676,S31_CaltonRd_path_RHS_not002,,CLOCKWISE_AND_ANTICLOCKWISE,False,False,False,52.958569,-1.126343,52.958591,-1.126365,52.95858,-1.126354
15677,S33_NorthSherwoodSt_path_LHS_not002,,CLOCKWISE_AND_ANTICLOCKWISE,False,False,False,52.962429,-1.152409,52.962593,-1.152079,52.962511,-1.152244
15678,S33_NorthSherwoodSt_road_not002,,CLOCKWISE_AND_ANTICLOCKWISE,False,False,True,52.962593,-1.152079,52.962597,-1.152049,52.962595,-1.1520640000000002
15679,S33_NorthSherwoodSt_path_RHS_not002,,CLOCKWISE_AND_ANTICLOCKWISE,False,False,False,52.962597,-1.152049,52.962608,-1.152002,52.9626025,-1.1520255000000001
15680,S30_StAnnsWellRd_path_LHS_not002,,CLOCKWISE_AND_ANTICLOCKWISE,False,False,False,52.9576,-1.142077,52.957603,-1.14211,52.957601499999996,-1.1420935
15681,S30_StAnnsWellRd_road_not002,,CLOCKWISE_AND_ANTICLOCKWISE,False,False,True,52.957611,-1.14213,52.957623,-1.142241,52.957617,-1.1421855
15682,S27_CanalSt_road_not002,,CLOCKWISE_AND_ANTICLOCKWISE,False,False,True,52.949284,-1.143425,52.949326,-1.143449,52.949304999999995,-1.143437
15683,S27_CanalSt_path_RHS_not002,,CLOCKWISE_AND_ANTICLOCKWISE,False,False,False,52.949326,-1.143449,52.94936,-1.143465,52.949343,-1.143457
15684,S26_StationSt_path_LHS_not002,,CLOCKWISE_AND_ANTICLOCKWISE,False,False,False,52.947918,-1.141735,52.947941,-1.141743,52.9479295,-1.1417389999999998
15685,S26_StationSt_road_not002,,CLOCKWISE_AND_ANTICLOCKWISE,False,False,True,52.947945,-1.141747,52.948029,-1.14177,52.947987,-1.1417585
15686,S26_StationSt_path_RHS_not002,,CLOCKWISE_AND_ANTICLOCKWISE,False,False,False,52.94804,-1.141662,52.948071,-1.141669,52.948055499999995,-1.1416655
15687,S32_PorchesterRd_road_not002,,CLOCKWISE_AND_ANTICLOCKWISE,False,False,True,52.963673,-1.120352,52.963673,-1.120381,52.963673,-1.1203665
15688,S32_PorchesterRd_pathLHS_not002,,CLOCKWISE_AND_ANTICLOCKWISE,False,False,False,52.96368,-1.120295,52.96368,-1.120338,52.96368,-1.1203165
15689,S34_TrentBridge_northbound_road_not002,,CLOCKWISE_ONLY,False,False,True,52.938141,-1.13563,52.93811,-1.135651,52.9381255,-1.1356405
15690,S34_TrentBridge_northbound_path_RHS_not002,,CLOCKWISE_AND_ANTICLOCKWISE,False,False,False,52.93811,-1.135651,52.938091,-1.135676,52.938100500000004,-1.1356635
15691,S28_MansfieldRd_northbound_path_LHS_not002,,CLOCKWISE_AND_ANTICLOCKWISE,False,False,False,52.969292,-1.15392,52.969288,-1.153852,52.96929,-1.153886
15692,S28_MansfieldRd_northbound_road_not002,,ANTICLOCKWISE_ONLY,False,False,True,52.969292,-1.15392,52.969288,-1.153743,52.96929,-1.1538315
15693,S29_MansfieldRd_southbound_road_not002,,CLOCKWISE_ONLY,False,False,True,52.969322,-1.153703,52.969322,-1.153604,52.969322,-1.1536534999999999
15694,S29_MansfieldRd_southbound_path_RHS_not002,,CLOCKWISE_AND_ANTICLOCKWISE,False,False,False,52.969296,-1.1536,52.969296,-1.153519,52.969296,-1.1535595
15698,S31_CaltonRd_path_LHS_not002,,CLOCKWISE_AND_ANTICLOCKWISE,False,False,False,52.958477,-1.126403,52.958492,-1.126418,52.9584845,-1.1264105
15699,S31_CaltonRd_cyclelane_not002,,ANTICLOCKWISE_ONLY,False,False,False,52.958492,-1.126418,52.958508,-1.126423,52.9585,-1.1264205
15700,S30_StAnnsWellRd_path_RHS_not002,,CLOCKWISE_AND_ANTICLOCKWISE,False,False,False,52.957569,-1.142279,52.957577,-1.142329,52.957573,-1.142304
15701,S30_StAnnsWellRd_cyclelane_not002,,CLOCKWISE_ONLY,False,False,False,52.957539,-1.142272,52.957542,-1.142289,52.95754049999999,-1.1422805
15702,S27_CanalSt_path_LHS_not002,,CLOCKWISE_AND_ANTICLOCKWISE,False,False,False,52.949245,-1.143552,52.949253,-1.143555,52.949248999999995,-1.1435535
15703,S27_CanalSt_cyclelane_not002,,CLOCKWISE_AND_ANTICLOCKWISE,False,False,False,52.949253,-1.143555,52.949268,-1.143561,52.949260499999994,-1.143558
15704,S32_PorchesterRd_cyclelane_not002-OLD,,CLOCKWISE_ONLY,False,False,False,52.963726,-1.120387,52.963726,-1.120405,52.963726,-1.120396
15705,S32_PorchesterRd_pathRHS_not002-NEW,,CLOCKWISE_AND_ANTICLOCKWISE,False,False,False,52.963737,-1.120426,52.963737,-1.120476,52.963737,-1.120451
15706,S30_StAnnsWellRd_cyclelane_LHS_not002,,ANTICLOCKWISE_ONLY,False,False,False,52.95752,-1.142148,52.957523,-1.142176,52.9575215,-1.142162
22660,S36_LondonRd_northbound_not002,,CLOCKWISE_AND_ANTICLOCKWISE,False,False,True,52.948498,-1.140304,52.948494,-1.14041,52.948496,-1.1403569999999998
22661,S36_LondonRd_northbound_path_not002,,CLOCKWISE_AND_ANTICLOCKWISE,False,False,False,52.948494,-1.14041,52.94849,-1.140512,52.948492,-1.140461
22662,S37_LondonRd_southbound_not002,,CLOCKWISE_ONLY,False,False,True,52.948502,-1.140276,52.948502,-1.140218,52.948502,-1.140247
22663,S37_LondonRd_southbound_path_not002,,CLOCKWISE_AND_ANTICLOCKWISE,False,False,False,52.948502,-1.140218,52.948498,-1.140165,52.948499999999996,-1.1401915
22664,S38_LadyBayBridge_road_not002,,CLOCKWISE_AND_ANTICLOCKWISE,False,False,True,52.943832,-1.132408,52.943783,-1.132516,52.943807500000005,-1.132462
22665,S38_LadyBayBridge_path_not002,,CLOCKWISE_AND_ANTICLOCKWISE,False,False,False,52.943783,-1.132516,52.943756,-1.132596,52.9437695,-1.1325560000000001
22712,S42_huntingdonSt_not002,,CLOCKWISE_AND_ANTICLOCKWISE,False,False,True,52.957806,-1.145528,52.95779,-1.145579,52.957798,-1.1455535000000001
22713,S47_haydnRd_not002,,CLOCKWISE_AND_ANTICLOCKWISE,False,False,True,52.976887,-1.166334,52.976852,-1.166249,52.9768695,-1.1662915
22714,S47_haydnRd_crossing_not002,,CLOCKWISE_AND_ANTICLOCKWISE,False,False,False,52.976875,-1.166276,52.976837,-1.166311,52.976856,-1.1662935
22715,S48_northgate_southbound_not002,,ANTICLOCKWISE_ONLY,False,False,True,52.97673,-1.166276,52.976772,-1.166371,52.976751,-1.1663235
22716,S201_maidMarianWay_not002,S40_maidMarianWay_not002,CLOCKWISE_ONLY,False,False,True,52.953217,-1.154144,52.953236,-1.15411,52.9532265,-1.154127
22718,S49_beechdaleRd_not002,,CLOCKWISE_AND_ANTICLOCKWISE,False,False,True,52.96143,-1.199782,52.961456,-1.199784,52.961443,-1.199783
22721,S39_wellbeckRd_pathLHS_not002,,CLOCKWISE_AND_ANTICLOCKWISE,False,False,False,52.933083,-1.138304,52.933113,-1.138294,52.933098,-1.138299
22722,S39_wellbeckRd_overBridge_not002,,CLOCKWISE_AND_ANTICLOCKWISE,False,False,True,52.933113,-1.138294,52.933136,-1.138291,52.9331245,-1.1382925
22723,S39_wellbeckRd_pathRHS_not002,,CLOCKWISE_AND_ANTICLOCKWISE,False,False,False,52.933136,-1.138291,52.933159,-1.138286,52.933147500000004,-1.1382884999999998
22724,S43_LentonLn_pathRHS_not002,,CLOCKWISE_AND_ANTICLOCKWISE,False,False,False,52.928577,-1.170526,52.928528,-1.170487,52.928552499999995,-1.1705065000000001
22725,S43_LentonLn_road_not002,,CLOCKWISE_AND_ANTICLOCKWISE,False,False,True,52.928638,-1.170242,52.928612,-1.170287,52.928625,-1.1702645
22726,S41_maidMarianWay_not002,,CLOCKWISE_ONLY,False,False,True,52.953854,-1.154989,52.953831,-1.155042,52.9538425,-1.1550155
22730,S48_haydnRd_not002,,CLOCKWISE_AND_ANTICLOCKWISE,False,False,True,52.976803,-1.16616,52.97673,-1.166276,52.9767665,-1.1662180000000002
22743,S48_northgate_crossing_not002,,CLOCKWISE_AND_ANTICLOCKWISE,False,False,False,52.97678,-1.166394,52.976814,-1.16635,52.976797,-1.166372
22744,S48_northgate_northbound_not002,,CLOCKWISE_ONLY,False,False,True,52.976772,-1.166371,52.976818,-1.166429,52.976794999999996,-1.1663999999999999
22745,S47_nottinghamRd_crossing_not002,,CLOCKWISE_AND_ANTICLOCKWISE,False,False,False,52.976795,-1.166266,52.976818,-1.166311,52.9768065,-1.1662885
22746,S201_maidMarianWay_crossing_not002,unnamed,CLOCKWISE_AND_ANTICLOCKWISE,False,False,False,52.953297,-1.154068,52.95335,-1.154032,52.953323499999996,-1.15405
22747,S49_beechdaleRd_RHSpath_not002,,CLOCKWISE_AND_ANTICLOCKWISE,False,False,False,52.961433,-1.199702,52.961472,-1.199704,52.9614525,-1.199703
22749,S43_LentonLn_Cyclepath_not002,,CLOCKWISE_AND_ANTICLOCKWISE,False,False,False,52.928612,-1.170005,52.9286,-1.170056,52.928606,-1.1700305
22750,S41_maidMarianWay_cycleLn_not002,,CLOCKWISE_ONLY,False,False,False,52.953743,-1.15495,52.953754,-1.154981,52.9537485,-1.1549654999999999
23095,S32_PorchesterRd_Crossing_not002,,CLOCKWISE_AND_ANTICLOCKWISE,False,False,False,52.963623,-1.12036,52.963669,-1.120366,52.963646,-1.120363
25753,S24_heatherlyDr_PathLHS_not002,,CLOCKWISE_AND_ANTICLOCKWISE,False,False,False,52.985569,-1.17141,52.985561,-1.17144,52.985564999999994,-1.1714250000000002
25754,S24_heatherlyDr_not002,,CLOCKWISE_AND_ANTICLOCKWISE,False,False,True,52.985561,-1.17144,52.98555,-1.1715,52.985555500000004,-1.17147
25755,S18_joyceAve_PathLHS_not002,,CLOCKWISE_AND_ANTICLOCKWISE,False,False,False,52.990421,-1.1432,52.990398,-1.14318,52.9904095,-1.1431900000000002
25756,S18_joyceAve_not002,,CLOCKWISE_AND_ANTICLOCKWISE,False,False,True,52.990398,-1.14318,52.990372,-1.14313,52.990385,-1.1431550000000001
25757,S18_joyceAve_PathRHS_not002,,CLOCKWISE_AND_ANTICLOCKWISE,False,False,False,52.990372,-1.14313,52.99036,-1.14309,52.990366,-1.14311
25758,S25_danethorpeVale_pathLHS_not002,,CLOCKWISE_AND_ANTICLOCKWISE,False,False,False,52.98877,-1.14762,52.988789,-1.14762,52.9887795,-1.14762
25759,S25_danethorpeVale_road_not002,,CLOCKWISE_AND_ANTICLOCKWISE,False,False,True,52.988789,-1.14762,52.988838,-1.14762,52.9888135,-1.14762
25760,S25_danethorpeVale_pathRHS_not002,,CLOCKWISE_AND_ANTICLOCKWISE,False,False,False,52.988838,-1.14762,52.988861,-1.14762,52.9888495,-1.14762
25761,S19_PetworthDr_PathLHS_not002,,CLOCKWISE_AND_ANTICLOCKWISE,False,False,False,52.9869,-1.16795,52.986881,-1.16794,52.9868905,-1.167945
25762,S19_PetworthDr_not002,,CLOCKWISE_AND_ANTICLOCKWISE,False,False,True,52.986881,-1.16794,52.986839,-1.1679,52.98686,-1.16792
25763,S19_PetworthDr_PathRHS_not002,,CLOCKWISE_AND_ANTICLOCKWISE,False,False,False,52.986839,-1.1679,52.98682,-1.16788,52.9868295,-1.1678899999999999
40335,S24_heatherlyDr_PathRHS_not002,,CLOCKWISE_AND_ANTICLOCKWISE,False,False,False,52.98555,-1.171539,52.985531,-1.171568,52.9855405,-1.1715535
40844,s50_Lawrence_Way_Road_NOT008-01s50_Lawrence_Way_Road_NOT008-01,,CLOCKWISE_AND_ANTICLOCKWISE,False,False,True,52.944248,-1.165777,52.944237,-1.165697,52.9442425,-1.165737
40845,s50_Lawrence_Way_PathLHS_NOT008-01,,CLOCKWISE_AND_ANTICLOCKWISE,False,False,False,52.944248,-1.165782,52.944248,-1.165777,52.944248,-1.1657795000000002
40846,s50_Lawrence_Way_PathRHS_NOT008-01,,CLOCKWISE_AND_ANTICLOCKWISE,False,False,False,52.944237,-1.165697,52.944237,-1.165667,52.944237,-1.1656819999999999
40847,s51_The_Moorings_Road_NOT008-01,,CLOCKWISE_AND_ANTICLOCKWISE,False,False,True,52.944653,-1.167684,52.944614,-1.167638,52.9446335,-1.1676609999999998
40848,s51_The_Moorings_PathLHS_NOT008-01,,CLOCKWISE_AND_ANTICLOCKWISE,False,False,False,52.944672,-1.16765,52.944653,-1.167684,52.9446625,-1.167667
40849,s51_The_Moorings_PathRHS_NOT008-01,,CLOCKWISE_AND_ANTICLOCKWISE,False,False,False,52.944614,-1.167638,52.944611,-1.167606,52.944612500000005,-1.167622
40850,s53_Trent_Ln_Road_NOT008-01,,CLOCKWISE_AND_ANTICLOCKWISE,False,False,True,52.946217,-1.123317,52.94622,-1.123284,52.9462185,-1.1233005
40851,s53_Trent_Ln_PathRHS_NOT008-01,,CLOCKWISE_AND_ANTICLOCKWISE,False,False,False,52.94622,-1.123284,52.946239,-1.123214,52.9462295,-1.123249
40852,s53_Trent_Ln_PathLHS_NOT008-01,,CLOCKWISE_AND_ANTICLOCKWISE,False,False,False,52.94622,-1.12335,52.946217,-1.123317,52.9462185,-1.1233335
40853,s54_Trent_Ln_Road_NOT008-01,,CLOCKWISE_AND_ANTICLOCKWISE,False,False,True,52.944489,-1.122979,52.944523,-1.122928,52.944506,-1.1229535
40854,s54_Trent_Ln_PathLHS_NOT008-01,,CLOCKWISE_AND_ANTICLOCKWISE,False,False,False,52.944473,-1.123027,52.944489,-1.122979,52.944480999999996,-1.123003
40855,s54_Trent_Ln_PathRHS_NOT008-01,,CLOCKWISE_AND_ANTICLOCKWISE,False,False,False,52.944523,-1.122928,52.944534,-1.12289,52.9445285,-1.122909
42507,Countline 1,,CLOCKWISE_AND_ANTICLOCKWISE,False,True,False,52.955082,-1.164586,52.955173,-1.164638,52.9551275,-1.164612
42508,Countline 1,,CLOCKWISE_AND_ANTICLOCKWISE,False,True,False,52.944824,-1.18863,52.944897,-1.188695,52.9448605,-1.1886625
42509,Countline 1,,CLOCKWISE_AND_ANTICLOCKWISE,False,True,False,52.946507,-1.172117,52.946564,-1.172204,52.946535499999996,-1.1721605
42510,Countline 1,,CLOCKWISE_AND_ANTICLOCKWISE,False,True,False,52.939854,-1.182534,52.939899,-1.182583,52.9398765,-1.1825584999999998
42511,Countline 1,,CLOCKWISE_AND_ANTICLOCKWISE,False,True,False,52.939919,-1.182546,52.939972,-1.182614,52.9399455,-1.1825800000000002
42518,Countline 1,,CLOCKWISE_AND_ANTICLOCKWISE,False,True,False,52.944923,-1.188667,52.944984,-1.188733,52.9449535,-1.1886999999999999
45285,S85_NottinghamRd_road_not002,,CLOCKWISE_ONLY,False,False,False,52.979622,-1.17218,52.97958,-1.17225,52.979601,-1.172215
45286,S85_NottinghamRd_path_RHS_not002,,CLOCKWISE_AND_ANTICLOCKWISE,False,False,False,52.97958,-1.17225,52.979568,-1.17227,52.979574,-1.17226
45290,S55_QueensDr_path_LHS_not002,,CLOCKWISE_AND_ANTICLOCKWISE,False,False,False,52.929798,-1.16564,52.929821,-1.16565,52.9298095,-1.165645
45291,S55_QueensDr_road_not002,,ANTICLOCKWISE_ONLY,False,False,False,52.929829,-1.1656,52.929932,-1.16567,52.929880499999996,-1.165635
45292,S56_QueensDr_path_LHS_not002,,CLOCKWISE_AND_ANTICLOCKWISE,False,False,False,52.930271,-1.16478,52.930248,-1.16478,52.9302595,-1.16478
45293,S56_QueensDr_road_not002,,ANTICLOCKWISE_ONLY,False,False,True,52.930241,-1.16476,52.930149,-1.16472,52.930195,-1.16474
45294,S57_QueensDr_road_not002,,CLOCKWISE_ONLY,False,False,True,52.939751,-1.1603,52.939751,-1.1604,52.939751,-1.1603500000000002
45295,S57_QueensDr_path_RHS_not002,,CLOCKWISE_AND_ANTICLOCKWISE,False,False,False,52.939751,-1.1604,52.939751,-1.16046,52.939751,-1.16043
45296,S58_QueensDr_not002,,CLOCKWISE_ONLY,False,False,False,52.939049,-1.16032,52.939049,-1.16013,52.939049,-1.160225
45297,S59_QueensDr_path_LHS_not002,,CLOCKWISE_AND_ANTICLOCKWISE,False,False,False,52.944901,-1.15397,52.94492,-1.15399,52.944910500000006,-1.15398
45298,S59_QueensDr_road_not002,,ANTICLOCKWISE_ONLY,False,False,True,52.944908,-1.15401,52.94495,-1.15409,52.944929,-1.15405
45299,S60_WaterwayStW_road_not002,,ANTICLOCKWISE_ONLY,False,False,True,52.945358,-1.15245,52.945309,-1.15247,52.945333500000004,-1.15246
45300,S60_WaterwayStW_path_LHS_not002,,CLOCKWISE_AND_ANTICLOCKWISE,False,False,False,52.945389,-1.15244,52.945358,-1.15245,52.9453735,-1.152445
45301,S61_WilfordRd_road_not002,,CLOCKWISE_AND_ANTICLOCKWISE,False,False,True,52.946281,-1.1524,52.946308,-1.15254,52.9462945,-1.15247
45302,S61_WilfordRd_path_RHS_not002,,CLOCKWISE_AND_ANTICLOCKWISE,False,False,False,52.946308,-1.15254,52.94632,-1.15258,52.946314,-1.1525599999999998
45303,S62_ValleyRd_road_not002,,CLOCKWISE_ONLY,False,False,True,52.980251,-1.17421,52.98019,-1.17411,52.9802205,-1.17416
45304,S62_ValleyRd_path_RHS_not002,,CLOCKWISE_AND_ANTICLOCKWISE,False,False,False,52.980202,-1.17409,52.98019,-1.17406,52.980196,-1.1740750000000002
45305,S63_CastleBlvd_path_LHS_not002,,CLOCKWISE_AND_ANTICLOCKWISE,False,False,False,52.948601,-1.15173,52.94862,-1.15173,52.9486105,-1.15173
45306,S63_CastleBlvd_road_not002,,CLOCKWISE_AND_ANTICLOCKWISE,False,False,True,52.94862,-1.15173,52.94873,-1.15176,52.948674999999994,-1.151745
45307,S64_WilfordSt_path_LHS_not002,,CLOCKWISE_AND_ANTICLOCKWISE,False,False,False,52.94854,-1.15103,52.948551,-1.15106,52.9485455,-1.1510449999999999
45308,S64_WilfordSt_road_not002,,ANTICLOCKWISE_ONLY,False,False,False,52.948551,-1.15106,52.948589,-1.15112,52.948570000000004,-1.15109
45309,S64_WilfordSt_crossing_not002,,CLOCKWISE_AND_ANTICLOCKWISE,False,False,False,52.948589,-1.15113,52.94865,-1.15099,52.9486195,-1.15106
45310,S66_GregoryBlvd_path_LHS_not002,,CLOCKWISE_AND_ANTICLOCKWISE,False,False,False,52.968071,-1.15572,52.96804,-1.1557,52.968055500000006,-1.15571
45311,S66_GregoryBlvd_road_not002,,CLOCKWISE_AND_ANTICLOCKWISE,False,False,True,52.96804,-1.1557,52.967949,-1.15566,52.9679945,-1.1556799999999998
45312,S66_GregoryBlvd_path_RHS_not002,,CLOCKWISE_AND_ANTICLOCKWISE,False,False,False,52.967949,-1.15566,52.967918,-1.15563,52.9679335,-1.1556449999999998
45313,S67_SherwoodDrive_path_LHS_not002,,CLOCKWISE_AND_ANTICLOCKWISE,False,False,False,52.968559,-1.15558,52.968529,-1.15561,52.968543999999994,-1.155595
45314,S67_SherwoodDrive_road_not002,,CLOCKWISE_AND_ANTICLOCKWISE,False,False,False,52.968529,-1.15561,52.968479,-1.15571,52.968503999999996,-1.1556600000000001
45315,S67_SherwoodDrive_path_RHS_not002,,CLOCKWISE_AND_ANTICLOCKWISE,False,False,False,52.968479,-1.15571,52.96846,-1.15574,52.9684695,-1.155725
45316,S68_NottinghamRd_path_LHS_not002,,CLOCKWISE_AND_ANTICLOCKWISE,False,False,False,52.977119,-1.16719,52.977161,-1.16712,52.977140000000006,-1.167155
45317,S68_NottinghamRd_roadLHS_not002,,ANTICLOCKWISE_ONLY,False,False,True,52.977161,-1.16712,52.9772,-1.16707,52.9771805,-1.167095
45318,S68_NottinghamRd_road_RHS_not002,,CLOCKWISE_ONLY,False,False,True,52.977211,-1.16706,52.977249,-1.16699,52.97723,-1.167025
45319,S69_NottinghamRd_path_LHS_not002,,CLOCKWISE_AND_ANTICLOCKWISE,False,False,False,52.976688,-1.16593,52.976669,-1.16596,52.976678500000006,-1.165945
45320,S69_NottinghamRd_road_not002,,CLOCKWISE_AND_ANTICLOCKWISE,False,False,False,52.976669,-1.16596,52.976608,-1.16608,52.9766385,-1.16602
45321,S69_NottinghamRd_path_RHS_not002,,CLOCKWISE_AND_ANTICLOCKWISE,False,False,False,52.976608,-1.16608,52.976589,-1.1661,52.976598499999994,-1.16609
45322,S70_NottinghamRd_path_LHS_not002,,CLOCKWISE_AND_ANTICLOCKWISE,False,False,False,52.98093,-1.17495,52.980949,-1.17494,52.980939500000005,-1.1749450000000001
45323,S70_NottinghamRd_road_not002,,CLOCKWISE_AND_ANTICLOCKWISE,False,False,False,52.980949,-1.17494,52.981041,-1.17487,52.980995,-1.174905
45324,S70_NottinghamRd_path_RHS_not002,,CLOCKWISE_AND_ANTICLOCKWISE,False,False,False,52.981041,-1.17487,52.981079,-1.17484,52.98106,-1.174855
45325,S71_ValleyRd_path_RHS_not002,,CLOCKWISE_AND_ANTICLOCKWISE,False,False,False,52.981121,-1.173599,52.98114,-1.173668,52.981130500000006,-1.1736335
45326,S71_ValleyRd_road_not002,,CLOCKWISE_ONLY,False,False,True,52.981106,-1.173511,52.981125,-1.173598,52.9811155,-1.1735544999999998
45327,S72_CastleBlvd_road_not002,,CLOCKWISE_ONLY,False,False,False,52.94873,-1.15097,52.94878,-1.15099,52.948755,-1.1509800000000001
45328,S72_CastleBlvd_path_RHS_not002,,CLOCKWISE_AND_ANTICLOCKWISE,False,False,False,52.94878,-1.15099,52.948818,-1.151,52.948799,-1.150995
45329,S74_VernonRd_path_LHS_not002,,CLOCKWISE_AND_ANTICLOCKWISE,False,False,False,52.984531,-1.18126,52.984539,-1.18124,52.984534999999994,-1.18125
45330,S74_VernonRd_road_not002,,CLOCKWISE_AND_ANTICLOCKWISE,False,False,False,52.98455,-1.18125,52.984581,-1.18116,52.9845655,-1.1812049999999998
45331,S74_VernonRd_path_RHS_not002,,CLOCKWISE_AND_ANTICLOCKWISE,False,False,False,52.984581,-1.18116,52.984589,-1.18112,52.984584999999996,-1.18114
45332,S75_VernonRd_path_LHS_not002,,CLOCKWISE_AND_ANTICLOCKWISE,False,False,False,52.985809,-1.18261,52.98579,-1.18264,52.9857995,-1.1826249999999998
45333,S75_VernonRd_road_not002,,CLOCKWISE_AND_ANTICLOCKWISE,False,False,True,52.98579,-1.18264,52.985741,-1.18274,52.9857655,-1.18269
45334,S75_VernonRd_path_RHS_not002,,CLOCKWISE_AND_ANTICLOCKWISE,False,False,False,52.985741,-1.18274,52.985741,-1.18275,52.985741,-1.182745
45350,S83_QueensDr_path_LHS_not002,,ANTICLOCKWISE_ONLY,False,False,False,52.944408,-1.15518,52.944401,-1.15516,52.944404500000005,-1.15517
45351,S83_QueensDr_road_not002,,CLOCKWISE_AND_ANTICLOCKWISE,False,False,False,52.944401,-1.15516,52.944359,-1.15509,52.944379999999995,-1.155125
45352,Countline 1,,CLOCKWISE_AND_ANTICLOCKWISE,False,True,False,52.929829,-1.1656,52.929932,-1.16567,52.929880499999996,-1.165635
45353,Countline 1,,CLOCKWISE_AND_ANTICLOCKWISE,False,True,False,52.930241,-1.16476,52.930149,-1.16472,52.930195,-1.16474
45354,Countline 1,,CLOCKWISE_AND_ANTICLOCKWISE,False,True,False,52.939751,-1.1603,52.939751,-1.1604,52.939751,-1.1603500000000002
45355,Countline 1,,CLOCKWISE_AND_ANTICLOCKWISE,False,True,False,52.939049,-1.16032,52.939049,-1.16013,52.939049,-1.160225
45356,Countline 1,,CLOCKWISE_AND_ANTICLOCKWISE,False,True,False,52.944908,-1.15401,52.94495,-1.15409,52.944929,-1.15405
45357,Countline 1,,CLOCKWISE_AND_ANTICLOCKWISE,False,True,False,52.945358,-1.15245,52.945309,-1.15247,52.945333500000004,-1.15246
45358,Countline 1,,CLOCKWISE_AND_ANTICLOCKWISE,False,True,False,52.946281,-1.1524,52.946308,-1.15254,52.9462945,-1.15247
45359,Countline 1,,CLOCKWISE_AND_ANTICLOCKWISE,False,True,False,52.980251,-1.17421,52.98019,-1.17411,52.9802205,-1.17416
45360,Countline 1,,CLOCKWISE_AND_ANTICLOCKWISE,False,True,False,52.94862,-1.15173,52.94873,-1.15176,52.948674999999994,-1.151745
45361,Countline 1,,CLOCKWISE_AND_ANTICLOCKWISE,False,True,False,52.948551,-1.15106,52.948589,-1.15112,52.948570000000004,-1.15109
45362,Countline 1,,CLOCKWISE_AND_ANTICLOCKWISE,False,True,False,52.96804,-1.1557,52.967949,-1.15566,52.9679945,-1.1556799999999998
45363,Countline 1,,CLOCKWISE_AND_ANTICLOCKWISE,False,True,False,52.968529,-1.15561,52.968479,-1.15571,52.968503999999996,-1.1556600000000001
45364,Countline 1,,CLOCKWISE_AND_ANTICLOCKWISE,False,True,False,52.977161,-1.16712,52.9772,-1.16707,52.9771805,-1.167095
45365,Countline 1,,CLOCKWISE_AND_ANTICLOCKWISE,False,True,False,52.976669,-1.16596,52.976608,-1.16608,52.9766385,-1.16602
45366,Countline 1,,CLOCKWISE_AND_ANTICLOCKWISE,False,True,False,52.980949,-1.17494,52.981041,-1.17487,52.980995,-1.174905
45368,Countline 1,,CLOCKWISE_AND_ANTICLOCKWISE,False,True,False,52.94873,-1.15097,52.94878,-1.15099,52.948755,-1.1509800000000001
45369,Countline 1,,CLOCKWISE_AND_ANTICLOCKWISE,False,True,False,52.98455,-1.18125,52.984581,-1.18116,52.9845655,-1.1812049999999998
45370,Countline 1,,CLOCKWISE_AND_ANTICLOCKWISE,False,True,False,52.98579,-1.18264,52.985741,-1.18274,52.9857655,-1.18269
45390,Countline 1,,CLOCKWISE_AND_ANTICLOCKWISE,False,True,False,52.988789,-1.14762,52.988838,-1.14762,52.9888135,-1.14762
45391,Countline 1,,CLOCKWISE_AND_ANTICLOCKWISE,False,True,False,52.986881,-1.16794,52.986839,-1.1679,52.98686,-1.16792
45392,Countline 1,,CLOCKWISE_AND_ANTICLOCKWISE,False,True,False,52.990398,-1.14318,52.990372,-1.14313,52.990385,-1.1431550000000001
45522,S73_NottinghamRd_pathLHS_not002,,CLOCKWISE_AND_ANTICLOCKWISE,False,False,False,52.980247,-1.17326,52.980221,-1.1733,52.980233999999996,-1.17328
45523,S73_NottinghamRd_road_not002,,ANTICLOCKWISE_ONLY,False,False,True,52.980274,-1.173377,52.980247,-1.17342,52.9802605,-1.1733984999999998
45525,Countline 1,,ANTICLOCKWISE_ONLY,False,True,False,52.980274,-1.173377,52.980247,-1.17342,52.9802605,-1.1733984999999998
47161,S91_GregoryBlvd_pathLHS_not002,,CLOCKWISE_AND_ANTICLOCKWISE,False,False,False,52.96423,-1.177439,52.964195,-1.17742,52.9642125,-1.1774295
47162,S91_GregoryBlvd_road_not002,,ANTICLOCKWISE_ONLY,False,False,True,52.964211,-1.177332,52.964119,-1.177357,52.964164999999994,-1.1773445
47163,S103_DerbyTerrace_road_not002,,CLOCKWISE_ONLY,False,False,True,52.955456,-1.163118,52.955498,-1.163187,52.955477,-1.1631525
47164,S103_DerbyTerrace_pathRHS_not002,,CLOCKWISE_AND_ANTICLOCKWISE,False,False,False,52.955486,-1.163246,52.955513,-1.163269,52.9554995,-1.1632575
47165,S120_MansfieldRd_pathLHS,,CLOCKWISE_AND_ANTICLOCKWISE,False,False,False,52.970585,-1.153345,52.970589,-1.153408,52.970586999999995,-1.1533765
47166,S120_MansfieldRd_road_not002,,ANTICLOCKWISE_ONLY,False,False,True,52.970581,-1.153418,52.970596,-1.153517,52.970588500000005,-1.1534675
47196,S137_WesternBlvd_pathLHS_not002,,CLOCKWISE_AND_ANTICLOCKWISE,False,False,False,52.95594,-1.19144,52.955936,-1.191359,52.955938,-1.1913995000000002
47197,S137_WesternBlvd_road_not002,,ANTICLOCKWISE_ONLY,False,False,True,52.95594,-1.19134,52.955933,-1.191183,52.9559365,-1.1912615
47211,Countline 1,,CLOCKWISE_AND_ANTICLOCKWISE,False,True,False,52.964207,-1.177442,52.964169,-1.177422,52.964188,-1.177432
47212,Countline 1,,CLOCKWISE_AND_ANTICLOCKWISE,False,True,False,52.955433,-1.163219,52.955475,-1.163266,52.955454,-1.1632425
47213,Countline 1,,CLOCKWISE_AND_ANTICLOCKWISE,False,True,False,52.970604,-1.1534,52.970615,-1.153498,52.9706095,-1.153449
47214,Countline 1,,CLOCKWISE_AND_ANTICLOCKWISE,False,True,False,52.955959,-1.191253,52.955952,-1.191174,52.9559555,-1.1912135
47506,S138_WollatonRd_path_LHS_not002,,CLOCKWISE_AND_ANTICLOCKWISE,False,False,False,52.955086,-1.1947,52.955055,-1.194695,52.955070500000005,-1.1946975000000002
47507,S138_WollatonRd_road_not002,,ANTICLOCKWISE_ONLY,False,False,True,52.955055,-1.194712,52.955021,-1.194708,52.955038,-1.1947100000000002
47508,Countline 1,,CLOCKWISE_AND_ANTICLOCKWISE,False,True,False,52.955051,-1.194667,52.955029,-1.194665,52.95504,-1.194666
47517,S140_MiddletonBlvd_road_not002,,CLOCKWISE_ONLY,False,False,False,52.953773,-1.19242,52.953762,-1.192501,52.9537675,-1.1924605000000001
47518,S140_MiddletonBlvd_path_RHS_not002,,CLOCKWISE_AND_ANTICLOCKWISE,False,False,False,52.953773,-1.192521,52.953751,-1.192615,52.953762,-1.192568
47519,S141_MiddletonBlvd_road_not002,,ANTICLOCKWISE_ONLY,False,False,True,52.94772,-1.190434,52.94772,-1.190573,52.94772,-1.1905035000000002
47520,S142_CliftonBlvd_road_not002,,CLOCKWISE_ONLY,False,False,True,52.943172,-1.188976,52.943138,-1.189048,52.943155,-1.189012
47521,Countline 2,,CLOCKWISE_AND_ANTICLOCKWISE,False,True,False,52.943134,-1.188939,52.943115,-1.189002,52.943124499999996,-1.1889705
47522,S143_WesternBlvd_road_not002,,CLOCKWISE_ONLY,False,False,True,52.9613,-1.191015,52.961288,-1.191148,52.961294,-1.1910815000000001
47523,S121_HucknallRd_road_not002,,CLOCKWISE_AND_ANTICLOCKWISE,False,False,True,52.979919,-1.157295,52.979931,-1.15712,52.979925,-1.1572075
47524,S122_HucknallRd_road_not002,,CLOCKWISE_AND_ANTICLOCKWISE,False,False,True,52.97929,-1.157118,52.979298,-1.156937,52.979293999999996,-1.1570275
47525,S123_HucknallRd_pathLHS_not002,,CLOCKWISE_AND_ANTICLOCKWISE,False,False,False,52.98317,-1.157982,52.983166,-1.158018,52.983168,-1.158
47526,S123_HucknallRd_road_not002,,CLOCKWISE_AND_ANTICLOCKWISE,False,False,True,52.983162,-1.15802,52.98315,-1.158202,52.983156,-1.158111
47527,S124_HucknallRd_pathLHS_not002,,CLOCKWISE_AND_ANTICLOCKWISE,False,False,False,52.987511,-1.159875,52.987503,-1.159833,52.987506999999994,-1.159854
47528,S124_HucknallRd_road_not002,,CLOCKWISE_AND_ANTICLOCKWISE,False,False,True,52.987495,-1.159829,52.987476,-1.159716,52.987485500000005,-1.1597724999999999
47529,S125_ValleyRd_pathLHS_not002,,CLOCKWISE_AND_ANTICLOCKWISE,False,False,False,52.987328,-1.158878,52.987301,-1.158879,52.9873145,-1.1588785000000001
47530,S125_ValleyRd_road_not002,,CLOCKWISE_AND_ANTICLOCKWISE,False,False,True,52.987297,-1.158896,52.98724,-1.1589,52.9872685,-1.158898
47531,S126_HucknallRd_pathLHS_not002,,CLOCKWISE_AND_ANTICLOCKWISE,False,False,False,52.986767,-1.159227,52.986774,-1.159299,52.9867705,-1.1592630000000002
47532,S126_HucknallRd_road_not002,,ANTICLOCKWISE_ONLY,False,False,True,52.986752,-1.159322,52.986755,-1.159431,52.986753500000006,-1.1593765
47533,S127_ValleyRd_pathLHS_not002,,CLOCKWISE_AND_ANTICLOCKWISE,False,False,False,52.986671,-1.160523,52.986694,-1.160541,52.9866825,-1.160532
47534,S127_ValleyRd_road_not002,,CLOCKWISE_AND_ANTICLOCKWISE,False,False,True,52.986694,-1.160593,52.986744,-1.160637,52.986719,-1.160615
47535,S131_IlkestonRd_road_not002,,CLOCKWISE_ONLY,False,False,True,52.955616,-1.177411,52.955574,-1.1774,52.955595,-1.1774054999999999
47536,S131_IlkestonRd_pathRHS_not002,,CLOCKWISE_AND_ANTICLOCKWISE,False,False,False,52.955563,-1.177426,52.955536,-1.177423,52.955549500000004,-1.1774245
47537,S133_WollatonRd_pathLHS_not002,,CLOCKWISE_AND_ANTICLOCKWISE,False,False,False,52.95488,-1.194175,52.954903,-1.194175,52.9548915,-1.194175
47538,S133_WollatonRd_road_not002,,CLOCKWISE_AND_ANTICLOCKWISE,False,False,True,52.95491,-1.194187,52.954964,-1.194178,52.954937,-1.1941825000000001
47539,S134_MiddletonBlvd_pathLHS_not002,,CLOCKWISE_AND_ANTICLOCKWISE,False,False,False,52.954208,-1.192474,52.954197,-1.192498,52.9542025,-1.1924860000000002
47540,S134_MiddletonBlvd_road_not002,,ANTICLOCKWISE_ONLY,False,False,True,52.954155,-1.192483,52.954109,-1.192605,52.954132,-1.1925439999999998
47541,s135_WollatonRd_pathLHS_not002,,CLOCKWISE_AND_ANTICLOCKWISE,False,False,False,52.955349,-1.190472,52.955334,-1.190468,52.9553415,-1.19047
47542,S135_WollatonRd_road_not002,,CLOCKWISE_AND_ANTICLOCKWISE,False,False,True,52.955326,-1.190447,52.955288,-1.190446,52.955307000000005,-1.1904465
47543,S136_WollatonRd_pathLHS_not002,,CLOCKWISE_AND_ANTICLOCKWISE,False,False,False,52.955181,-1.190207,52.9552,-1.19021,52.9551905,-1.1902085
47544,S136_WollatonRd_road_not002,,CLOCKWISE_AND_ANTICLOCKWISE,False,False,False,52.955193,-1.190246,52.955242,-1.190248,52.9552175,-1.1902469999999998
47545,S136_WollatonRd_crossing_not002,,CLOCKWISE_AND_ANTICLOCKWISE,False,False,False,52.955227,-1.190292,52.955227,-1.190247,52.955227,-1.1902694999999999
47546,Countline 1,,CLOCKWISE_AND_ANTICLOCKWISE,False,True,False,52.961964,-1.190875,52.961964,-1.190826,52.961964,-1.1908504999999998
47547,S144_WesternBlvd_path_LHS_not002,,CLOCKWISE_AND_ANTICLOCKWISE,False,False,False,52.960922,-1.190633,52.960922,-1.190722,52.960922,-1.1906775
47548,S144_WesternBlvd_road_not002,,ANTICLOCKWISE_ONLY,False,False,True,52.960922,-1.190785,52.960922,-1.190936,52.960922,-1.1908604999999999
47549,Countline 1,,CLOCKWISE_AND_ANTICLOCKWISE,False,True,False,52.947868,-1.190751,52.947868,-1.190659,52.947868,-1.190705
47550,S146_ValleyRd_path_LHS_not002,,CLOCKWISE_AND_ANTICLOCKWISE,False,False,False,52.989277,-1.148555,52.989246,-1.148479,52.9892615,-1.148517
47551,S146_ValleyRd_road_not002,,ANTICLOCKWISE_ONLY,False,False,True,52.98925,-1.148448,52.989208,-1.148365,52.989228999999995,-1.1484065
47552,Countline 1,,CLOCKWISE_AND_ANTICLOCKWISE,False,True,False,52.989315,-1.148374,52.989281,-1.148293,52.989298,-1.1483335000000001
47553,S147_ValleyRd_path_LHS_not002,,CLOCKWISE_AND_ANTICLOCKWISE,False,False,False,52.988247,-1.149836,52.988266,-1.14986,52.988256500000006,-1.149848
47554,S147_ValleyRd_road_not002,,ANTICLOCKWISE_ONLY,False,False,True,52.988266,-1.149878,52.988308,-1.149906,52.988287,-1.149892
47555,Countline 1,,CLOCKWISE_AND_ANTICLOCKWISE,False,True,False,52.988239,-1.150012,52.988285,-1.150043,52.988262,-1.1500275
47556,S148_DerbyRd_path_LHS_not002,,CLOCKWISE_AND_ANTICLOCKWISE,False,False,False,52.950756,-1.176321,52.950714,-1.176278,52.950734999999995,-1.1762994999999998
47557,S148_DerbyRd_road_not002,,ANTICLOCKWISE_ONLY,False,False,True,52.950718,-1.176257,52.950672,-1.176224,52.950694999999996,-1.1762405
47560,Countline 1,,CLOCKWISE_AND_ANTICLOCKWISE,False,True,False,52.979919,-1.157295,52.979931,-1.15712,52.979925,-1.1572075
47561,Countline 1,,CLOCKWISE_AND_ANTICLOCKWISE,False,True,False,52.97929,-1.157118,52.979298,-1.156937,52.979293999999996,-1.1570275
47562,Countline 1,,CLOCKWISE_AND_ANTICLOCKWISE,False,True,False,52.983162,-1.15802,52.98315,-1.158202,52.983156,-1.158111
47563,Countline 1,,CLOCKWISE_AND_ANTICLOCKWISE,False,True,False,52.987495,-1.159829,52.987476,-1.159716,52.987485500000005,-1.1597724999999999
47564,Countline 1,,CLOCKWISE_AND_ANTICLOCKWISE,False,True,False,52.987297,-1.158896,52.98724,-1.1589,52.9872685,-1.158898
47565,Countline 1,,ANTICLOCKWISE_ONLY,False,True,False,52.986752,-1.159322,52.986755,-1.159431,52.986753500000006,-1.1593765
47566,Countline 1,,CLOCKWISE_AND_ANTICLOCKWISE,False,True,False,52.986694,-1.160593,52.986744,-1.160637,52.986719,-1.160615
47567,Countline 1,,CLOCKWISE_AND_ANTICLOCKWISE,False,True,False,52.95562,-1.177318,52.955574,-1.177295,52.955597,-1.1773065
47568,Countline 1,,CLOCKWISE_AND_ANTICLOCKWISE,False,True,False,52.95491,-1.194187,52.954964,-1.194178,52.954937,-1.1941825000000001
47569,Countline 1,,CLOCKWISE_AND_ANTICLOCKWISE,False,True,False,52.954182,-1.192578,52.954159,-1.19265,52.954170500000004,-1.1926139999999998
47570,Countline 1,,CLOCKWISE_AND_ANTICLOCKWISE,False,True,False,52.955326,-1.190447,52.955288,-1.190446,52.955307000000005,-1.1904465
47572,S105_DerbyRd_road_not002,,CLOCKWISE_AND_ANTICLOCKWISE,False,False,True,52.951374,-1.174269,52.95142,-1.174334,52.951397,-1.1743014999999999
47573,S105_DerbyRd_path_RHS_not002,,CLOCKWISE_AND_ANTICLOCKWISE,False,False,False,52.95142,-1.174334,52.951466,-1.174388,52.951443,-1.174361
47574,Countline 1,,CLOCKWISE_AND_ANTICLOCKWISE,False,True,False,52.951374,-1.174269,52.95142,-1.174334,52.951397,-1.1743014999999999
47575,CS107_DerbyRd_road_not002,,CLOCKWISE_AND_ANTICLOCKWISE,False,False,True,52.951,-1.175199,52.950958,-1.175169,52.950979000000004,-1.175184
47576,S107_DerbyRd_path_not002,,CLOCKWISE_AND_ANTICLOCKWISE,False,False,False,52.950958,-1.175169,52.950943,-1.175156,52.950950500000005,-1.1751624999999999
47577,Countline 1,,CLOCKWISE_AND_ANTICLOCKWISE,False,True,False,52.951,-1.175199,52.950958,-1.175169,52.950979000000004,-1.175184
47578,S108_SneintonRd_road_not002,,CLOCKWISE_AND_ANTICLOCKWISE,False,False,True,52.953224,-1.136363,52.953251,-1.136257,52.9532375,-1.13631
47579,S108_SneintonRd_path_not002,,CLOCKWISE_AND_ANTICLOCKWISE,False,False,False,52.953251,-1.136257,52.95327,-1.13618,52.9532605,-1.1362185
47580,Countline 1,,CLOCKWISE_AND_ANTICLOCKWISE,False,True,False,52.953224,-1.136363,52.953251,-1.136257,52.9532375,-1.13631
47581,S109_SouthwellRd_road_not002,,CLOCKWISE_AND_ANTICLOCKWISE,False,False,True,52.953438,-1.137786,52.953396,-1.137708,52.953417,-1.137747
47582,S109_SouthwellRd_path_not002,,CLOCKWISE_AND_ANTICLOCKWISE,False,False,False,52.953396,-1.137708,52.953365,-1.137671,52.953380499999994,-1.1376895
47583,Countline 1,,CLOCKWISE_AND_ANTICLOCKWISE,False,True,False,52.953438,-1.137786,52.953396,-1.137708,52.953417,-1.137747
47584,S110_ManversSt_path_not002,,CLOCKWISE_AND_ANTICLOCKWISE,False,False,False,52.952381,-1.136603,52.952389,-1.136557,52.952385,-1.13658
47585,S110_ManversSt_road_LHS_not002,,CLOCKWISE_AND_ANTICLOCKWISE,False,False,True,52.952389,-1.136557,52.9524,-1.136497,52.9523945,-1.136527
47586,S110_ManversSt_road_RHS_not002,,CLOCKWISE_AND_ANTICLOCKWISE,False,False,True,52.9524,-1.136497,52.952419,-1.136415,52.9524095,-1.136456
47587,Countline 1,,CLOCKWISE_AND_ANTICLOCKWISE,False,True,False,52.952389,-1.136557,52.9524,-1.136497,52.9523945,-1.136527
47588,S111_ManversSt_path_not002,,CLOCKWISE_AND_ANTICLOCKWISE,False,False,False,52.951115,-1.135124,52.951103,-1.135171,52.951109,-1.1351475
47589,S111_ManversSt_road_not002,,CLOCKWISE_AND_ANTICLOCKWISE,False,False,True,52.951103,-1.135171,52.951061,-1.135311,52.951082,-1.135241
47590,Countline 1,,CLOCKWISE_AND_ANTICLOCKWISE,False,True,False,52.951088,-1.135157,52.95105,-1.135286,52.951069000000004,-1.1352215
47591,S115_DalesideRd_path/cycleLn_not002,,CLOCKWISE_AND_ANTICLOCKWISE,False,False,False,52.949097,-1.116724,52.949047,-1.116689,52.949072,-1.1167065
47592,S115_DalesideRd_road_not002,,CLOCKWISE_AND_ANTICLOCKWISE,False,False,True,52.949047,-1.116689,52.948914,-1.116605,52.948980500000005,-1.116647
47593,S116_DalesideRd_path_not002,,CLOCKWISE_AND_ANTICLOCKWISE,False,False,False,52.948902,-1.11664,52.948936,-1.116677,52.948919000000004,-1.1166585
47594,S116_DalesideRd_road_not002,,CLOCKWISE_AND_ANTICLOCKWISE,False,False,True,52.948936,-1.116677,52.94899,-1.116721,52.948963000000006,-1.116699
47595,Countline 1,,CLOCKWISE_AND_ANTICLOCKWISE,False,True,False,52.949005,-1.11644,52.949047,-1.116474,52.949026,-1.116457
47596,S117_DalesideRd_path_LHS_not002,,CLOCKWISE_AND_ANTICLOCKWISE,False,False,False,52.950089,-1.112906,52.950054,-1.112887,52.9500715,-1.1128965
47597,S117_DalesideRd_road_LHS_not002,,CLOCKWISE_AND_ANTICLOCKWISE,False,False,True,52.950054,-1.112887,52.949982,-1.112854,52.950018,-1.1128705
47598,S117_DalesideRd_road_RHS_not002,,CLOCKWISE_AND_ANTICLOCKWISE,False,False,True,52.949982,-1.112854,52.94994,-1.112832,52.949961,-1.112843
47599,Countline 1,,CLOCKWISE_AND_ANTICLOCKWISE,False,True,False,52.950027,-1.112904,52.949955,-1.112861,52.949991,-1.1128825
47601,S118_HucknallRd_path_not002,,CLOCKWISE_AND_ANTICLOCKWISE,False,False,False,52.971214,-1.153842,52.971222,-1.15381,52.971218,-1.153826
47602,S118_HucknallRd_road_not002,,CLOCKWISE_AND_ANTICLOCKWISE,False,False,True,52.971222,-1.15381,52.971241,-1.153663,52.9712315,-1.1537365
47603,Countline 1,,CLOCKWISE_AND_ANTICLOCKWISE,False,True,False,52.971203,-1.15379,52.971214,-1.153717,52.9712085,-1.1537535
47606,S119_MansfieldRd_path_not002,,CLOCKWISE_AND_ANTICLOCKWISE,False,False,False,52.971146,-1.153263,52.971111,-1.153026,52.9711285,-1.1531445
47607,S119_MansfieldRd_road_not002,,CLOCKWISE_AND_ANTICLOCKWISE,False,False,True,52.971176,-1.153378,52.971146,-1.153263,52.971160999999995,-1.1533205
47608,Countline 1,,CLOCKWISE_AND_ANTICLOCKWISE,False,True,False,52.971195,-1.153242,52.971169,-1.153134,52.971182,-1.153188
47619,Countline 1,,CLOCKWISE_AND_ANTICLOCKWISE,False,True,False,52.960896,-1.190796,52.960903,-1.190929,52.9608995,-1.1908625
47622,s92_AlfretonRd_path_LHS_not002,,CLOCKWISE_AND_ANTICLOCKWISE,False,False,False,52.963902,-1.17694,52.963871,-1.17695,52.9638865,-1.176945
47623,s92_AlfretonRd_road_not002,,CLOCKWISE_AND_ANTICLOCKWISE,False,False,True,52.96386,-1.17693,52.963821,-1.17695,52.9638405,-1.17694
47624,s77_MainSt_path_LHS_not002,,CLOCKWISE_AND_ANTICLOCKWISE,False,False,False,52.999401,-1.19708,52.999401,-1.19701,52.999401,-1.197045
47625,s77_MainSt_road_not002,,CLOCKWISE_AND_ANTICLOCKWISE,False,False,True,52.999378,-1.197,52.999371,-1.19682,52.9993745,-1.19691
47626,s97_AspleyLn_road_not002,,CLOCKWISE_AND_ANTICLOCKWISE,False,False,True,52.967388,-1.18421,52.96735,-1.1842,52.967369000000005,-1.184205
47627,s97_AspleyLn_path_RHS_not002,,CLOCKWISE_AND_ANTICLOCKWISE,False,False,False,52.967331,-1.18419,52.9673,-1.18418,52.9673155,-1.184185
47628,s99_NuthallRd_path_LHS_not002,,CLOCKWISE_AND_ANTICLOCKWISE,False,False,False,52.97303,-1.18618,52.973042,-1.18612,52.973036,-1.18615
47629,s99_NuthallRd_road_not002,,CLOCKWISE_AND_ANTICLOCKWISE,False,False,True,52.97303,-1.1861,52.973049,-1.18601,52.9730395,-1.186055
47630,s100_WesternBlvd_path_LHS_not002,,CLOCKWISE_AND_ANTICLOCKWISE,False,False,False,52.973209,-1.18534,52.97319,-1.1853,52.9731995,-1.18532
47631,s100_WesternBlvd_road_not002,,CLOCKWISE_AND_ANTICLOCKWISE,False,False,True,52.97324,-1.18517,52.97319,-1.18508,52.973214999999996,-1.185125
47632,s101_NuthallRd_road_not002,,CLOCKWISE_AND_ANTICLOCKWISE,False,False,True,52.972038,-1.18523,52.97205,-1.18516,52.972044,-1.185195
47633,s101_NuthallRd_path_RHS_not002,,CLOCKWISE_AND_ANTICLOCKWISE,False,False,False,52.972019,-1.18513,52.972031,-1.18509,52.972025,-1.1851099999999999
47634,s102_WesternBlvd_road_not002,,CLOCKWISE_AND_ANTICLOCKWISE,False,False,True,52.971909,-1.18639,52.971882,-1.18629,52.9718955,-1.18634
47635,s102_WesternBlvd_path_RHS_not002,,CLOCKWISE_AND_ANTICLOCKWISE,False,False,False,52.971859,-1.1863,52.97184,-1.18623,52.971849500000005,-1.186265
47651,Countline 1,,CLOCKWISE_AND_ANTICLOCKWISE,False,True,False,52.999401,-1.19697,52.99939,-1.19682,52.9993955,-1.196895
47652,Countline 1,,CLOCKWISE_AND_ANTICLOCKWISE,False,True,False,52.973099,-1.18614,52.973122,-1.18606,52.9731105,-1.1861
47653,Countline 1,,CLOCKWISE_AND_ANTICLOCKWISE,False,True,False,52.97324,-1.18511,52.973209,-1.18504,52.9732245,-1.185075
47654,Countline 1,,CLOCKWISE_AND_ANTICLOCKWISE,False,True,False,52.97205,-1.18523,52.972061,-1.18517,52.972055499999996,-1.1852
47664,Countline 1,,CLOCKWISE_AND_ANTICLOCKWISE,False,True,False,52.971889,-1.18641,52.971859,-1.18631,52.971874,-1.18636
47665,Countline 1,,CLOCKWISE_AND_ANTICLOCKWISE,False,True,False,52.963848,-1.17691,52.96381,-1.17694,52.963829000000004,-1.176925
47682,Countline 1,,CLOCKWISE_AND_ANTICLOCKWISE,False,True,False,52.967388,-1.1842,52.96735,-1.18418,52.967369000000005,-1.18419
47708,Countline 1,,CLOCKWISE_AND_ANTICLOCKWISE,False,True,False,52.981258,-1.17349,52.981251,-1.17341,52.9812545,-1.1734499999999999
47784,s100_WesternBlvd_roadLn2_not002,,CLOCKWISE_AND_ANTICLOCKWISE,False,False,True,52.973179,-1.18509,52.97316,-1.18505,52.9731695,-1.18507
47789,S65_CastleBlvd_road_not002,,CLOCKWISE_AND_ANTICLOCKWISE,False,False,True,52.946865,-1.170646,52.946785,-1.17066,52.946825000000004,-1.1706530000000002
47790,S65_CastleBlvd_path_cycle_RHS_not002,,CLOCKWISE_AND_ANTICLOCKWISE,False,False,False,52.946774,-1.170679,52.946739,-1.170677,52.9467565,-1.170678
47791,S94_RadfordBlvd_pathLHS_not002,,CLOCKWISE_AND_ANTICLOCKWISE,False,False,False,52.963493,-1.177161,52.96349,-1.177198,52.9634915,-1.1771794999999998
47792,S94_RadfordBlvd_road_not002,,CLOCKWISE_AND_ANTICLOCKWISE,False,False,True,52.963501,-1.177203,52.963482,-1.177391,52.9634915,-1.177297
47793,S104_LentonBlvd_pathLHS_not002,,CLOCKWISE_AND_ANTICLOCKWISE,False,False,False,52.951454,-1.175027,52.951458,-1.174982,52.951456,-1.1750045
47794,S104_LentonBlvd_roadLHS_not002,,ANTICLOCKWISE_ONLY,False,False,True,52.951473,-1.17498,52.951473,-1.174895,52.951473,-1.1749375
47795,S104_LentonBlvd_RoadRHS_not002,,CLOCKWISE_ONLY,False,False,True,52.951485,-1.174877,52.951492,-1.17479,52.951488499999996,-1.1748335
47796,S106_LentonBlvd_pathLHS_not002,,CLOCKWISE_AND_ANTICLOCKWISE,False,False,False,52.950905,-1.174686,52.950905,-1.174729,52.950905,-1.1747074999999998
47797,S106_LentonBlvd_road_not002,,CLOCKWISE_AND_ANTICLOCKWISE,False,False,True,52.950893,-1.174737,52.95089,-1.174914,52.9508915,-1.1748254999999999
47798,S130_IlkestonRd_road_not002,,CLOCKWISE_ONLY,False,False,True,52.955658,-1.176009,52.955685,-1.176011,52.9556715,-1.17601
47799,S130_IlkestonRd_pathRHS_not002,,CLOCKWISE_AND_ANTICLOCKWISE,False,False,False,52.955685,-1.175972,52.9557,-1.175973,52.9556925,-1.1759724999999999
47800,S132_LentonBlvd_pathLHS_not002,,CLOCKWISE_AND_ANTICLOCKWISE,False,False,False,52.955437,-1.175481,52.955433,-1.175516,52.955435,-1.1754985
47801,S132_LentonBlvd_roadLHS_not002,,CLOCKWISE_AND_ANTICLOCKWISE,False,False,True,52.955444,-1.175522,52.955437,-1.175703,52.9554405,-1.1756125
47802,S132_LentonBlvd_pathRHS_not002,,CLOCKWISE_AND_ANTICLOCKWISE,False,False,False,52.955441,-1.175702,52.955441,-1.175737,52.955441,-1.1757195
47803,S145_SouthwellRd_road_not002,,CLOCKWISE_ONLY,False,False,True,52.953739,-1.137107,52.9538,-1.137202,52.9537695,-1.1371545
47804,S150_RadfordBlvd_pathLHS_not002,,CLOCKWISE_AND_ANTICLOCKWISE,False,False,False,52.955833,-1.175799,52.955833,-1.175753,52.955833,-1.175776
47805,S150_RadfordBlvd_roadLHS_not002,,ANTICLOCKWISE_ONLY,False,False,True,52.955849,-1.175751,52.955853,-1.175685,52.955850999999996,-1.175718
47812,Countline 1,,CLOCKWISE_AND_ANTICLOCKWISE,False,True,False,52.946865,-1.170646,52.946785,-1.17066,52.946825000000004,-1.1706530000000002
47813,Countline 1,,CLOCKWISE_AND_ANTICLOCKWISE,False,True,False,52.963501,-1.177203,52.963482,-1.177391,52.9634915,-1.177297
47815,Countline 1,,CLOCKWISE_AND_ANTICLOCKWISE,False,True,False,52.951473,-1.17498,52.951473,-1.174895,52.951473,-1.1749375
47818,Countline 1,,CLOCKWISE_AND_ANTICLOCKWISE,False,True,False,52.950893,-1.174737,52.95089,-1.174914,52.9508915,-1.1748254999999999
47819,Countline 1,,CLOCKWISE_AND_ANTICLOCKWISE,False,True,False,52.955658,-1.176009,52.955685,-1.176011,52.9556715,-1.17601
47820,Countline 1,,CLOCKWISE_AND_ANTICLOCKWISE,False,True,False,52.953739,-1.137107,52.9538,-1.137202,52.9537695,-1.1371545
47821,Countline 1,,CLOCKWISE_AND_ANTICLOCKWISE,False,True,False,52.955849,-1.175751,52.955853,-1.175685,52.955850999999996,-1.175718
47822,Countline 1,,CLOCKWISE_AND_ANTICLOCKWISE,False,True,False,52.955444,-1.175522,52.955437,-1.175703,52.9554405,-1.1756125
47859,s153_AspeyLnJn_lane1_not002,,CLOCKWISE_AND_ANTICLOCKWISE,False,False,False,52.967571,-1.19023,52.967602,-1.19022,52.967586499999996,-1.1902249999999999
47860,s153_AspeyLnJn_lane2_not002,,CLOCKWISE_AND_ANTICLOCKWISE,False,False,False,52.967602,-1.19024,52.967628,-1.19023,52.967614999999995,-1.190235
47861,s155_AspeyLnJn_crossing_not002,,CLOCKWISE_AND_ANTICLOCKWISE,False,False,False,52.967758,-1.19039,52.967781,-1.19045,52.9677695,-1.19042
47862,s155_AspeyLnJn_road_RHS_not002,,CLOCKWISE_AND_ANTICLOCKWISE,False,False,False,52.967911,-1.19037,52.967918,-1.1903,52.9679145,-1.190335
47863,s155_AspeyLnJn_crossing2_not002,,CLOCKWISE_AND_ANTICLOCKWISE,False,False,False,52.96788,-1.19053,52.967918,-1.19049,52.967899,-1.1905100000000002
47864,s156_WesternBlvd_road_not002,,CLOCKWISE_AND_ANTICLOCKWISE,False,False,False,52.967979,-1.19041,52.967972,-1.19036,52.9679755,-1.190385
47865,s156_WesternBlvd_crossing_not002,,CLOCKWISE_AND_ANTICLOCKWISE,False,False,False,52.967869,-1.19033,52.967831,-1.19032,52.96785,-1.190325
48076,s159_AspeyLn_road_not002,,CLOCKWISE_AND_ANTICLOCKWISE,False,False,False,52.967972,-1.19112,52.967999,-1.1911,52.9679855,-1.1911100000000001
48305,s151_WesternBlvd_road_not002,,CLOCKWISE_AND_ANTICLOCKWISE,False,False,False,52.967529,-1.19085,52.967541,-1.19093,52.967535,-1.19089
48331,S26_StationSt_cyclelane_not002,,CLOCKWISE_AND_ANTICLOCKWISE,False,False,False,52.947945,-1.141739,52.947956,-1.141744,52.9479505,-1.1417415000000002
48630,S184_QueensRoad_path_not002,,CLOCKWISE_AND_ANTICLOCKWISE,False,False,False,52.946587,-1.141583,52.946552,-1.141583,52.946569499999995,-1.141583
48631,S184_QueensRoad_road_not002,,ANTICLOCKWISE_ONLY,False,False,False,52.946541,-1.141613,52.946503,-1.141614,52.946522,-1.1416135
49226,S96_NuthallRd_road_not002,,ANTICLOCKWISE_ONLY,False,False,True,52.967842,-1.184229,52.967861,-1.184154,52.967851499999995,-1.1841914999999998
49227,S96_NuthallRd_path_LHS_not002,,CLOCKWISE_AND_ANTICLOCKWISE,False,False,False,52.967827,-1.184291,52.967842,-1.184229,52.967834499999995,-1.18426
49228,Countline 1,,CLOCKWISE_AND_ANTICLOCKWISE,False,True,False,52.967861,-1.184244,52.967873,-1.184158,52.967867,-1.184201
49229,S98_BobbersMillBridge_road_not002,,CLOCKWISE_AND_ANTICLOCKWISE,False,False,True,52.966736,-1.18316,52.966793,-1.183007,52.9667645,-1.1830835
49230,S98_BobbersMillBridge_path_RHS_not002,,CLOCKWISE_AND_ANTICLOCKWISE,False,False,False,52.966793,-1.183007,52.966808,-1.182971,52.966800500000005,-1.182989
49231,Countline 1,,CLOCKWISE_AND_ANTICLOCKWISE,False,True,False,52.966702,-1.182971,52.966686,-1.183063,52.966694000000004,-1.183017
49232,S112_ManversSt_path_LHS_not002,,CLOCKWISE_AND_ANTICLOCKWISE,False,False,False,52.946728,-1.131273,52.946751,-1.131229,52.9467395,-1.131251
49233,S112_ManversSt_road_not002,,ANTICLOCKWISE_ONLY,False,False,True,52.946751,-1.131229,52.946789,-1.131152,52.94677,-1.1311905
49234,Countline 1,,CLOCKWISE_AND_ANTICLOCKWISE,False,True,False,52.946892,-1.131477,52.946877,-1.131314,52.946884499999996,-1.1313955
49235,S113_MeadowLn_road_not002,,CLOCKWISE_ONLY,False,False,True,52.946022,-1.130769,52.94598,-1.130667,52.946000999999995,-1.130718
49236,S113_MeadowLn_path_RHS_not002,,CLOCKWISE_AND_ANTICLOCKWISE,False,False,False,52.94598,-1.130667,52.945969,-1.130639,52.9459745,-1.1306530000000001
49237,Countline 1,,CLOCKWISE_AND_ANTICLOCKWISE,False,True,False,52.946022,-1.130769,52.94598,-1.130667,52.946000999999995,-1.130718
49247,S95_AlfretonRd_road_not002,,CLOCKWISE_ONLY,False,False,True,52.96413,-1.178108,52.964085,-1.178148,52.9641075,-1.178128
49248,S95_AlfretonRd_path_RHS_not002,,CLOCKWISE_AND_ANTICLOCKWISE,False,False,False,52.964085,-1.178148,52.964039,-1.178171,52.964062,-1.1781595
49249,Countline 1,,CLOCKWISE_AND_ANTICLOCKWISE,False,True,False,52.9641,-1.178066,52.96405,-1.17812,52.964075,-1.178093
49250,S93_AlfretonRd_road_not002,,CLOCKWISE_AND_ANTICLOCKWISE,False,False,False,52.963734,-1.176616,52.963699,-1.17664,52.963716500000004,-1.176628
49251,S93_AlfretonRd_path_RHS_not002,,CLOCKWISE_AND_ANTICLOCKWISE,False,False,False,52.963699,-1.17664,52.963673,-1.17666,52.963685999999996,-1.17665
49252,S114_DalesideRd_path_LHS_not002,,CLOCKWISE_AND_ANTICLOCKWISE,False,False,False,52.946518,-1.128942,52.946484,-1.128961,52.946501,-1.1289514999999999
49253,S114_DalesideRd_road_not002,,CLOCKWISE_AND_ANTICLOCKWISE,False,False,True,52.946484,-1.128961,52.94643,-1.128985,52.946456999999995,-1.128973
49254,Countline 1,,CLOCKWISE_AND_ANTICLOCKWISE,False,True,False,52.94603,-1.130737,52.946003,-1.130658,52.9460165,-1.1306975000000001
49255,S128_IlkestonRd_road_not002,,CLOCKWISE_ONLY,False,False,True,52.955925,-1.163154,52.95599,-1.163099,52.9559575,-1.1631265000000002
49256,S128_IlkestonRd_parth_RHS_not002,,CLOCKWISE_AND_ANTICLOCKWISE,False,False,False,52.955994,-1.163116,52.956028,-1.163113,52.956011000000004,-1.1631145
49257,Countline 1,,CLOCKWISE_AND_ANTICLOCKWISE,False,True,False,52.955921,-1.163132,52.955997,-1.163159,52.955959,-1.1631455000000002
49258,S129_IlkestonRd_path_LHS_not002,,CLOCKWISE_AND_ANTICLOCKWISE,False,False,False,52.955902,-1.1637,52.955925,-1.163696,52.9559135,-1.1636980000000001
49259,S129_IlkestonRd_road_not002,,CLOCKWISE_AND_ANTICLOCKWISE,False,False,True,52.955925,-1.163696,52.955956,-1.163682,52.9559405,-1.1636890000000002
49260,Countline 1,,CLOCKWISE_AND_ANTICLOCKWISE,False,True,False,52.955933,-1.163658,52.95599,-1.16361,52.9559615,-1.163634
49261,S176_WoodboroughRd_road_not002,,CLOCKWISE_ONLY,False,False,True,52.960464,-1.147887,52.960487,-1.147928,52.9604755,-1.1479075
49262,S176_WoodboroughRd_path_RHS_not002,,CLOCKWISE_AND_ANTICLOCKWISE,False,False,False,52.960487,-1.147928,52.960503,-1.147963,52.960495,-1.1479455
49263,Countline 1,,CLOCKWISE_AND_ANTICLOCKWISE,False,True,False,52.960396,-1.147956,52.960434,-1.148059,52.960415,-1.1480074999999998
49268,S206_SheriffsWay_path_LHS_not002,,CLOCKWISE_AND_ANTICLOCKWISE,False,False,False,52.945869,-1.14803,52.945843,-1.147785,52.945856000000006,-1.1479075
49269,S211_UpperParliamentSt_road_not002,,CLOCKWISE_AND_ANTICLOCKWISE,False,False,True,52.954609,-1.153725,52.9547,-1.153738,52.954654500000004,-1.1537315
49270,Countline 1,,CLOCKWISE_AND_ANTICLOCKWISE,False,True,False,52.954655,-1.153691,52.954704,-1.153702,52.9546795,-1.1536965000000001
49288,S181_LondonRd_path_LHS_not002,,CLOCKWISE_AND_ANTICLOCKWISE,False,False,False,52.949802,-1.140149,52.949799,-1.14022,52.949800499999995,-1.1401845000000002
49289,S181_LondonRd_road_not002,,CLOCKWISE_AND_ANTICLOCKWISE,False,False,True,52.949791,-1.14022,52.949787,-1.140351,52.949788999999996,-1.1402855
49290,S182_LondonRd_path_LHS_not002,,CLOCKWISE_AND_ANTICLOCKWISE,False,False,False,52.950409,-1.140407,52.950409,-1.140407,52.950409,-1.140407
49291,S182_LondonRd_cyclelane_not002,,CLOCKWISE_AND_ANTICLOCKWISE,False,False,False,52.95042,-1.140374,52.950405,-1.140356,52.9504125,-1.140365
49292,S182_LondonRd_road_not002,,ANTICLOCKWISE_ONLY,False,False,True,52.950401,-1.140365,52.950386,-1.140339,52.950393500000004,-1.140352
49293,Countline 1,,CLOCKWISE_AND_ANTICLOCKWISE,False,True,False,52.949738,-1.14022,52.949738,-1.140291,52.949738,-1.1402554999999999
49306,S188_NuthallRd_road_not002,,CLOCKWISE_AND_ANTICLOCKWISE,False,False,True,52.97794,-1.191402,52.977913,-1.191479,52.977926499999995,-1.1914405000000001
49307,S188_NuthallRd_pathRHS_not002,,CLOCKWISE_AND_ANTICLOCKWISE,False,False,False,52.977936,-1.191508,52.977928,-1.191546,52.977931999999996,-1.191527
49308,S208_LondonRd_road_not002,,CLOCKWISE_ONLY,False,False,True,52.943901,-1.139933,52.943905,-1.139766,52.943903,-1.1398495
49309,S208_LondonRd_pathRHS_not002,,CLOCKWISE_AND_ANTICLOCKWISE,False,False,False,52.943901,-1.139759,52.943909,-1.139704,52.943905,-1.1397315
49312,S214_QueensRd_road_inbound_not002,,CLOCKWISE_ONLY,False,False,True,52.946518,-1.140579,52.946472,-1.140566,52.946495,-1.1405725
49313,S214_QueensRd_road_outbound_not002,,ANTICLOCKWISE_ONLY,False,False,True,52.946602,-1.140545,52.946548,-1.140547,52.946574999999996,-1.140546
49314,S215_LondonRd_pathLHS_not002,,CLOCKWISE_AND_ANTICLOCKWISE,False,False,False,52.944176,-1.140198,52.94418,-1.14016,52.944178,-1.140179
49315,S215_LondonRd_road_not002,,ANTICLOCKWISE_ONLY,False,False,True,52.944191,-1.140148,52.944191,-1.140041,52.944191,-1.1400945
49317,Countline 2,,ANTICLOCKWISE_ONLY,False,True,False,52.950401,-1.140359,52.95039,-1.140323,52.9503955,-1.1403409999999998
49318,Countline 1,,CLOCKWISE_AND_ANTICLOCKWISE,False,True,False,52.97794,-1.191402,52.977913,-1.191479,52.977926499999995,-1.1914405000000001
49319,Countline 1,,CLOCKWISE_AND_ANTICLOCKWISE,False,True,False,52.943901,-1.139933,52.943905,-1.139766,52.943903,-1.1398495
49320,Countline 1,,CLOCKWISE_AND_ANTICLOCKWISE,False,True,False,52.944191,-1.140148,52.944191,-1.140041,52.944191,-1.1400945
49550,S157_WesternBlvd_road_LHS_not002,,CLOCKWISE_ONLY,False,False,False,52.968014,-1.190504,52.968002,-1.190461,52.968008,-1.1904824999999999
49551,S157_WesternBlvd_road_not002,,CLOCKWISE_ONLY,False,False,False,52.968014,-1.190443,52.968002,-1.190409,52.968008,-1.190426
49552,Countline 1,,CLOCKWISE_AND_ANTICLOCKWISE,False,True,False,52.968109,-1.190629,52.968075,-1.190508,52.968092,-1.1905685
49553,S160_B690_road_LHS_not002,,CLOCKWISE_ONLY,False,False,False,52.967922,-1.19109,52.967941,-1.191078,52.967931500000006,-1.191084
49554,S160_B690_road_not002,,CLOCKWISE_ONLY,False,False,False,52.967949,-1.191074,52.967968,-1.191062,52.967958499999995,-1.191068
49560,S213_NuthallRd_road_not002,,CLOCKWISE_ONLY,False,False,True,52.977592,-1.190843,52.977612,-1.190804,52.977602000000005,-1.1908235
49561,S213_NuthallRd_pathRHS_not002,,CLOCKWISE_AND_ANTICLOCKWISE,False,False,False,52.977604,-1.190789,52.977623,-1.190756,52.977613500000004,-1.1907725
49564,Countline 1,,CLOCKWISE_AND_ANTICLOCKWISE,False,True,False,52.977592,-1.190843,52.977612,-1.190804,52.977602000000005,-1.1908235
49610,Countline 1,,CLOCKWISE_AND_ANTICLOCKWISE,False,True,False,52.967903,-1.191394,52.967953,-1.191338,52.967928,-1.191366
49787,S166_MansfieldRd_road_not002,,CLOCKWISE_ONLY,False,False,False,52.967304,-1.153644,52.967304,-1.153716,52.967304,-1.15368
49788,S166_MansfieldRd_path_RHS_not002,,CLOCKWISE_AND_ANTICLOCKWISE,False,False,False,52.967312,-1.153716,52.967316,-1.153783,52.967314,-1.1537495
49789,S167_MansfieldRd_path_LHS_not002,,CLOCKWISE_AND_ANTICLOCKWISE,False,False,False,52.968536,-1.154004,52.968536,-1.153942,52.968536,-1.1539730000000001
49790,S167_MansfieldRd_road_not002,,CLOCKWISE_AND_ANTICLOCKWISE,False,False,True,52.96854,-1.153931,52.968517,-1.153807,52.9685285,-1.153869
49791,S168_MansfieldRd_road_not002,,CLOCKWISE_ONLY,False,False,True,52.967571,-1.15367,52.967571,-1.153576,52.967571,-1.153623
49792,S168_MansfieldRd_path_RHS_not002,,CLOCKWISE_AND_ANTICLOCKWISE,False,False,False,52.967583,-1.153576,52.967583,-1.153523,52.967583,-1.1535495
49793,S169_MansfieldRd_path_LHS_not002,,CLOCKWISE_AND_ANTICLOCKWISE,False,False,False,52.980259,-1.14722,52.980244,-1.14715,52.980251499999994,-1.147185
49794,S169_MansfieldRd_road_not002,,ANTICLOCKWISE_ONLY,False,False,True,52.980255,-1.147138,52.98024,-1.147054,52.980247500000004,-1.147096
49795,S170_MansfieldRd_path_LHS_not002,,CLOCKWISE_AND_ANTICLOCKWISE,False,False,False,52.979984,-1.147062,52.979996,-1.147103,52.97999,-1.1470825
49796,S170_MansfieldRd_road_not002,,ANTICLOCKWISE_ONLY,False,False,True,52.98,-1.14711,52.980011,-1.147169,52.9800055,-1.1471395000000002
49797,S171_MansfieldRd_path_LHS_not002,,CLOCKWISE_AND_ANTICLOCKWISE,False,False,False,52.959248,-1.149277,52.95924,-1.149328,52.959244,-1.1493025000000001
49798,S171_MansfieldRd_road_not002,,ANTICLOCKWISE_ONLY,False,False,True,52.95924,-1.149328,52.959225,-1.149433,52.9592325,-1.1493805
49799,S172_NuthallRd_path_LHS_not002,,CLOCKWISE_AND_ANTICLOCKWISE,False,False,False,52.982323,-1.195665,52.98233,-1.195632,52.9823265,-1.1956485
49800,S172_NuthallRd_road_not002,,CLOCKWISE_AND_ANTICLOCKWISE,False,False,True,52.982334,-1.195632,52.982346,-1.19556,52.98234,-1.195596
49801,s173_NuthallRd_path_LHS_not002,,CLOCKWISE_AND_ANTICLOCKWISE,False,False,False,52.981636,-1.194789,52.981625,-1.194872,52.9816305,-1.1948305000000001
49802,s173_NuthallRd_road_not002,,ANTICLOCKWISE_ONLY,False,False,True,52.981609,-1.194868,52.981594,-1.194986,52.9816015,-1.194927
49805,S177_WoodboroughRd_path_not002,,CLOCKWISE_AND_ANTICLOCKWISE,False,False,False,52.960129,-1.14797,52.960144,-1.147982,52.960136500000004,-1.1479759999999999
49806,S177_WoodboroughRd_road_not002,,ANTICLOCKWISE_ONLY,False,False,True,52.960159,-1.147952,52.960236,-1.148088,52.9601975,-1.14802
49808,S178_WoodboroughRd_path_not002,,CLOCKWISE_AND_ANTICLOCKWISE,False,False,False,52.959908,-1.147905,52.9599,-1.147949,52.959903999999995,-1.1479270000000001
49809,S178_WoodboroughRd_road_not002,,ANTICLOCKWISE_ONLY,False,False,True,52.9599,-1.147949,52.959866,-1.148022,52.959883,-1.1479855
49810,S179_HuntingdonSt_path_not002,,CLOCKWISE_AND_ANTICLOCKWISE,False,False,False,52.960621,-1.149026,52.960632,-1.14898,52.960626500000004,-1.149003
49811,S179_HuntingdonSt_road_not002,,CLOCKWISE_AND_ANTICLOCKWISE,False,False,True,52.960632,-1.14898,52.960674,-1.14882,52.96065299999999,-1.1488999999999998
49812,S180_HuntingdonSt_road_not002,,CLOCKWISE_ONLY,False,False,False,52.959,-1.146827,52.958969,-1.146907,52.9589845,-1.1468669999999999
49813,S180_HuntingdonSt_path_not002,,CLOCKWISE_AND_ANTICLOCKWISE,False,False,False,52.958969,-1.146907,52.958946,-1.146972,52.9589575,-1.1469395
49814,S183_LondonRd_road_not002,,CLOCKWISE_AND_ANTICLOCKWISE,False,False,True,52.95039,-1.140388,52.95034,-1.140303,52.950365,-1.1403455
49815,S183_LondonRd_path_not002,,CLOCKWISE_AND_ANTICLOCKWISE,False,False,False,52.950336,-1.140288,52.950329,-1.140245,52.9503325,-1.1402665
49821,S202_TollhouseHill_path_not002,,CLOCKWISE_AND_ANTICLOCKWISE,False,False,False,52.954704,-1.155553,52.954689,-1.155581,52.9546965,-1.155567
49822,S202_TollhouseHill_road_not002,,ANTICLOCKWISE_ONLY,False,False,False,52.954689,-1.155584,52.954659,-1.155716,52.954674,-1.15565
49823,S185_LondonRd_pathLHS_not002,,CLOCKWISE_AND_ANTICLOCKWISE,False,False,False,52.946915,-1.140317,52.946915,-1.140279,52.946915,-1.140298
49824,S185_LondonRd_road_not002,,ANTICLOCKWISE_ONLY,False,False,True,52.94693,-1.140267,52.946926,-1.14017,52.946928,-1.1402185
49825,S186_WoodboroughRd_road_not002,,CLOCKWISE_AND_ANTICLOCKWISE,False,False,True,52.981606,-1.126664,52.981525,-1.126663,52.9815655,-1.1266635
49826,S187_WoodboroughRd_road_not002,,CLOCKWISE_AND_ANTICLOCKWISE,False,False,True,52.981617,-1.126234,52.981529,-1.126245,52.981573,-1.1262395
49829,S190_LowerParliamentSt_road_not002,,CLOCKWISE_ONLY,False,False,True,52.953247,-1.138993,52.953228,-1.139045,52.9532375,-1.139019
49830,Countline 1,,ANTICLOCKWISE_ONLY,False,True,False,52.960098,-1.148037,52.960171,-1.148181,52.9601345,-1.1481089999999998
49831,Countline 1,,CLOCKWISE_AND_ANTICLOCKWISE,False,True,False,52.959839,-1.147857,52.959805,-1.147929,52.959822,-1.1478929999999998
49832,Countline 1,,CLOCKWISE_AND_ANTICLOCKWISE,False,True,False,52.960625,-1.149023,52.960632,-1.148963,52.9606285,-1.148993
49833,Countline 1,,CLOCKWISE_AND_ANTICLOCKWISE,False,True,False,52.950382,-1.140371,52.950344,-1.1403,52.950362999999996,-1.1403355
49837,S191_SouthwellRd_road_not002,,CLOCKWISE_ONLY,False,False,False,52.952961,-1.138555,52.952946,-1.13846,52.9529535,-1.1385075
49838,S191_SouthwellRd_pathRHS_not002,,CLOCKWISE_AND_ANTICLOCKWISE,False,False,False,52.952908,-1.138474,52.952896,-1.138427,52.952902,-1.1384505
49843,S193_CarltonRd_pathLHS_not002,,CLOCKWISE_AND_ANTICLOCKWISE,False,False,False,52.961975,-1.120247,52.961987,-1.120281,52.961981,-1.1202640000000001
49844,S193_CarltonRd_road_not002,,ANTICLOCKWISE_ONLY,False,False,True,52.961975,-1.120302,52.962029,-1.120398,52.962002,-1.12035
49845,S194_HucknallRd_pathLHS_not002,,CLOCKWISE_AND_ANTICLOCKWISE,False,False,False,52.991272,-1.17067,52.991287,-1.170652,52.991279500000005,-1.170661
49846,S194_HucknallRd_road_not002,,CLOCKWISE_AND_ANTICLOCKWISE,False,False,False,52.991295,-1.170657,52.991348,-1.170609,52.9913215,-1.170633
49847,S194_HucknallRd_pathRHS_not002,,CLOCKWISE_AND_ANTICLOCKWISE,False,False,False,52.991348,-1.170588,52.991364,-1.170562,52.991355999999996,-1.170575
49853,S195_HucknallRd_road_not002,,CLOCKWISE_ONLY,False,False,False,52.990002,-1.166835,52.989952,-1.166871,52.989976999999996,-1.1668530000000001
49854,S195_HucknallRd_pathRHS_not002,,CLOCKWISE_AND_ANTICLOCKWISE,False,False,False,52.989948,-1.166863,52.989925,-1.166873,52.9899365,-1.166868
49855,Countline 1,,CLOCKWISE_ONLY,False,True,False,52.967564,-1.153655,52.967567,-1.153586,52.967565500000006,-1.1536205000000002
49874,Countline 1,,CLOCKWISE_AND_ANTICLOCKWISE,False,True,False,52.968491,-1.153949,52.968491,-1.153831,52.968491,-1.15389
49875,Countline 1,,ANTICLOCKWISE_ONLY,False,True,False,52.98027,-1.147117,52.980259,-1.147066,52.9802645,-1.1470915
49876,Countline 1,,CLOCKWISE_AND_ANTICLOCKWISE,False,True,False,52.979961,-1.14713,52.979977,-1.147207,52.979969,-1.1471685
49877,Countline 1,,CLOCKWISE_AND_ANTICLOCKWISE,False,True,False,52.959152,-1.149342,52.959141,-1.149423,52.9591465,-1.1493825000000002
49879,Countline 3,,CLOCKWISE_AND_ANTICLOCKWISE,False,True,False,52.982361,-1.195643,52.982372,-1.195572,52.9823665,-1.1956075
49880,Countline 1,,CLOCKWISE_AND_ANTICLOCKWISE,False,True,False,52.981468,-1.194811,52.981461,-1.194896,52.9814645,-1.1948535
49881,Countline 1,,CLOCKWISE_AND_ANTICLOCKWISE,False,True,False,52.94693,-1.140267,52.946926,-1.14017,52.946928,-1.1402185
49892,Countline 1,,ANTICLOCKWISE_ONLY,False,True,False,52.981617,-1.126234,52.981529,-1.126245,52.981573,-1.1262395
49894,Countline 1,,CLOCKWISE_AND_ANTICLOCKWISE,False,True,False,52.981529,-1.126475,52.981503,-1.126477,52.981516,-1.1264759999999998
49895,S192_CarltonRd_road_not002,,CLOCKWISE_AND_ANTICLOCKWISE,False,False,True,52.962948,-1.119082,52.962894,-1.118958,52.962920999999994,-1.11902
49896,Countline 1,,CLOCKWISE_AND_ANTICLOCKWISE,False,True,False,52.962948,-1.119082,52.962894,-1.118958,52.962920999999994,-1.11902
49899,Countline 1,,CLOCKWISE_AND_ANTICLOCKWISE,False,True,False,52.961975,-1.120302,52.962029,-1.120398,52.962002,-1.12035
49900,Countline 1,,CLOCKWISE_AND_ANTICLOCKWISE,False,True,False,52.991295,-1.170657,52.991348,-1.170609,52.9913215,-1.170633
49914,S203_DerbyRd_pathLHS_not002,,CLOCKWISE_AND_ANTICLOCKWISE,False,False,False,52.954563,-1.155959,52.954578,-1.155952,52.9545705,-1.1559555000000001
49915,S203_DerbyRd_road_not002,,ANTICLOCKWISE_ONLY,False,False,True,52.954582,-1.155962,52.954624,-1.155922,52.954603000000006,-1.155942
49916,Countline 1,,CLOCKWISE_AND_ANTICLOCKWISE,False,True,False,52.954582,-1.155962,52.954624,-1.155922,52.954603000000006,-1.155942
49921,Countline 1,,CLOCKWISE_AND_ANTICLOCKWISE,False,True,False,52.953247,-1.138993,52.953228,-1.139045,52.9532375,-1.139019
49948,Countline 1,,CLOCKWISE_AND_ANTICLOCKWISE,False,True,False,52.94651,-1.140719,52.946468,-1.140715,52.946489,-1.140717
49954,Countline 1,,CLOCKWISE_AND_ANTICLOCKWISE,False,True,False,52.953217,-1.154144,52.953236,-1.15411,52.9532265,-1.154127
50646,S242_RadcliffeRd_pathLHS_not002,,CLOCKWISE_AND_ANTICLOCKWISE,False,False,False,52.937702,-1.133542,52.937683,-1.133526,52.9376925,-1.133534
50647,S242_RadcliffeRd_road_not002,,CLOCKWISE_AND_ANTICLOCKWISE,False,False,False,52.937683,-1.133483,52.937599,-1.133423,52.937641,-1.133453
50651,S244_LoughboroughRd_road_not002,,CLOCKWISE_ONLY,False,False,False,52.932858,-1.136765,52.932861,-1.136853,52.932859500000006,-1.136809
50652,S244_LoughboroughRd_pathRHS_not002,,CLOCKWISE_AND_ANTICLOCKWISE,False,False,False,52.93288,-1.13687,52.932884,-1.136906,52.932882,-1.136888
50653,S247_MeltonRd_pathLHS_not002,,CLOCKWISE_AND_ANTICLOCKWISE,False,False,False,52.902519,-1.119933,52.902523,-1.119983,52.902521,-1.119958
50654,S247_MeltonRd_road_not002,,ANTICLOCKWISE_ONLY,False,False,False,52.902454,-1.119992,52.902454,-1.120143,52.902454,-1.1200675000000002
50655,S250_LadyBayBridge_roadRHS_not002,,CLOCKWISE_ONLY,False,False,False,52.939457,-1.128994,52.93943,-1.129047,52.939443499999996,-1.1290205
50656,S250_LadyBayBridge_pathRHS_not002,,CLOCKWISE_AND_ANTICLOCKWISE,False,False,False,52.939453,-1.12909,52.939442,-1.12914,52.9394475,-1.129115
50657,S253_RadcliffeRd_road_not002,,CLOCKWISE_ONLY,False,False,False,52.931938,-1.102364,52.932014,-1.10244,52.931976000000006,-1.102402
50658,S253_RadcliffeRd_pathRHS_not002,,CLOCKWISE_AND_ANTICLOCKWISE,False,False,False,52.932022,-1.10242,52.932045,-1.102436,52.9320335,-1.102428
50659,S264_ColwickRd_road_straight_not002,,CLOCKWISE_ONLY,False,False,False,52.96212,-1.068269,52.962143,-1.068356,52.9621315,-1.0683125
50660,S265_NottinghamRd_pathLHS_not002,,CLOCKWISE_AND_ANTICLOCKWISE,False,False,False,52.985191,-1.04061,52.985168,-1.0406,52.9851795,-1.040605
50661,S265_NottinghamRd_road_not002,,CLOCKWISE_AND_ANTICLOCKWISE,False,False,False,52.985168,-1.04058,52.985142,-1.04054,52.985155000000006,-1.0405600000000002
50662,S265_NottinghamRd_pathRHS_not002,,CLOCKWISE_AND_ANTICLOCKWISE,False,False,False,52.985142,-1.04052,52.985119,-1.0405,52.9851305,-1.0405099999999998
50663,S272_RadcliffeRd_pathLHS_not002,,CLOCKWISE_AND_ANTICLOCKWISE,False,False,False,52.931812,-1.102114,52.931831,-1.102143,52.9318215,-1.1021285
50664,S272_RadcliffeRd_road_not002,,ANTICLOCKWISE_ONLY,False,False,False,52.93182,-1.102187,52.931892,-1.102254,52.931855999999996,-1.1022205
50682,Countline 1,,CLOCKWISE_AND_ANTICLOCKWISE,False,True,False,52.937683,-1.133483,52.937599,-1.133423,52.937641,-1.133453
50683,Countline 1,,CLOCKWISE_AND_ANTICLOCKWISE,False,True,False,52.932858,-1.136765,52.932861,-1.136853,52.932859500000006,-1.136809
50684,Countline 1,,CLOCKWISE_AND_ANTICLOCKWISE,False,True,False,52.902454,-1.119992,52.902454,-1.120143,52.902454,-1.1200675000000002
50685,Countline 1,,CLOCKWISE_AND_ANTICLOCKWISE,False,True,False,52.939457,-1.128994,52.93943,-1.129047,52.939443499999996,-1.1290205
50686,Countline 1,,CLOCKWISE_AND_ANTICLOCKWISE,False,True,False,52.931938,-1.102364,52.932014,-1.10244,52.931976000000006,-1.102402
50687,Countline 1,,CLOCKWISE_AND_ANTICLOCKWISE,False,True,False,52.96212,-1.068269,52.962143,-1.068356,52.9621315,-1.0683125
50691,Countline 1,,CLOCKWISE_AND_ANTICLOCKWISE,False,True,False,52.93182,-1.102187,52.931892,-1.102254,52.931855999999996,-1.1022205
50880,S261_LondonRd_inbound_road_not002,,CLOCKWISE_ONLY,False,False,False,52.938156,-1.135525,52.938095,-1.135597,52.9381255,-1.135561
50881,S261_LondonRd_pathRHS_not002,,CLOCKWISE_AND_ANTICLOCKWISE,False,False,False,52.938072,-1.135538,52.938053,-1.135573,52.9380625,-1.1355555
50884,Countline 1,,CLOCKWISE_AND_ANTICLOCKWISE,False,True,False,52.938156,-1.135525,52.938095,-1.135597,52.9381255,-1.135561
50995,S217_MansfieldRd(A60)_road_not002,,CLOCKWISE_ONLY,False,False,False,52.992779,-1.13963,52.992741,-1.13945,52.992760000000004,-1.13954
50996,S217_MansfieldRd(A60)_path_not002,,CLOCKWISE_AND_ANTICLOCKWISE,False,False,False,52.992722,-1.139458,52.99271,-1.139394,52.992716,-1.139426
51024,S220_ColwickLoopRd(A612)_road_not002,,CLOCKWISE_ONLY,False,False,False,52.960228,-1.070596,52.960281,-1.070656,52.960254500000005,-1.070626
51025,S220_ColwickLoopRd(A612)_path_not002,,CLOCKWISE_AND_ANTICLOCKWISE,False,False,False,52.960312,-1.070606,52.960323,-1.070629,52.9603175,-1.0706175
51026,S222_MansfieldRd(A60)_path_not222,,CLOCKWISE_AND_ANTICLOCKWISE,False,False,False,52.991692,-1.139839,52.991695,-1.139758,52.9916935,-1.1397985
51027,S222_MansfieldRd(A60)_road_not222,,ANTICLOCKWISE_ONLY,False,False,False,52.991634,-1.139837,52.991634,-1.139918,52.991634,-1.1398774999999999
51028,Countline 1,,CLOCKWISE_AND_ANTICLOCKWISE,False,True,False,52.991558,-1.139835,52.991558,-1.13991,52.991558,-1.1398725
51033,S223_MansfieldRd(A60)_road_not002,,ANTICLOCKWISE_ONLY,False,False,False,52.992744,-1.139818,52.992722,-1.139688,52.992733,-1.139753
51034,S223_MansfieldRd(A60)_path_not002,,CLOCKWISE_AND_ANTICLOCKWISE,False,False,False,52.992664,-1.13987,52.992672,-1.139909,52.992667999999995,-1.1398895
51035,Countline 1,,CLOCKWISE_AND_ANTICLOCKWISE,False,True,False,52.992821,-1.139768,52.992809,-1.139681,52.992815,-1.1397244999999998
51053,S228_WoodboroughRd(B684)_path_not002,,CLOCKWISE_AND_ANTICLOCKWISE,False,False,False,52.98262,-1.123935,52.982635,-1.123966,52.9826275,-1.1239504999999999
51054,S228_WoodboroughRd(B684)_road_not002,,ANTICLOCKWISE_ONLY,False,False,False,52.982616,-1.123994,52.982643,-1.124049,52.9826295,-1.1240215
51055,Countline 1,,CLOCKWISE_AND_ANTICLOCKWISE,False,True,False,52.982498,-1.124179,52.982536,-1.124263,52.982517,-1.124221
51056,S229_PlainsRd(B684)_path_LHS_not002,,CLOCKWISE_AND_ANTICLOCKWISE,False,False,False,52.990547,-1.111461,52.990536,-1.111434,52.9905415,-1.1114475000000001
51057,S229_PlainsRd(B684)_path_RHS_not002,,CLOCKWISE_AND_ANTICLOCKWISE,False,False,False,52.990463,-1.111382,52.990448,-1.111353,52.990455499999996,-1.1113675
51058,S229_PlainsRd(B684)_road_not002,,CLOCKWISE_AND_ANTICLOCKWISE,False,False,False,52.990559,-1.111395,52.990513,-1.1113,52.990536,-1.1113475
51059,Countline 1,,CLOCKWISE_AND_ANTICLOCKWISE,False,True,False,52.990734,-1.1111,52.990688,-1.111012,52.990711000000005,-1.111056
51060,S266_MeltonRd_road_not002,,CLOCKWISE_AND_ANTICLOCKWISE,False,False,False,52.901928,-1.12023,52.901955,-1.12036,52.9019415,-1.120295
51061,Countline 2,,CLOCKWISE_AND_ANTICLOCKWISE,False,True,False,52.901928,-1.12023,52.901955,-1.12036,52.9019415,-1.120295
51073,S256_BurtonRd_path_not002,,CLOCKWISE_AND_ANTICLOCKWISE,False,False,False,52.971569,-1.072109,52.971588,-1.072145,52.9715785,-1.072127
51074,S256_BurtonRd_road_not002,,CLOCKWISE_AND_ANTICLOCKWISE,False,False,False,52.971535,-1.072272,52.971573,-1.072341,52.971554,-1.0723064999999998
51075,Countline 3,,CLOCKWISE_AND_ANTICLOCKWISE,False,True,False,52.971535,-1.072272,52.971573,-1.072341,52.971554,-1.0723064999999998
51077,S270_RedcliffeRd_path_not002,,CLOCKWISE_AND_ANTICLOCKWISE,False,False,False,52.937813,-1.125308,52.937798,-1.125324,52.937805499999996,-1.125316
51078,S270_RedcliffeRd_road_not002,,CLOCKWISE_AND_ANTICLOCKWISE,False,False,False,52.937798,-1.125324,52.937717,-1.125396,52.937757500000004,-1.1253600000000001
51079,Countline 1,,CLOCKWISE_AND_ANTICLOCKWISE,False,True,False,52.937798,-1.125324,52.937717,-1.125396,52.937757500000004,-1.1253600000000001
51100,S236_CarltonHill_path_LHS_not002,,CLOCKWISE_AND_ANTICLOCKWISE,False,False,False,52.966461,-1.089992,52.966438,-1.089983,52.966449499999996,-1.0899874999999999
51101,S236_CarltonHill_road_not002,,CLOCKWISE_AND_ANTICLOCKWISE,False,False,False,52.966438,-1.08996,52.966362,-1.089937,52.96639999999999,-1.0899485
51102,S236_CarltonHill_path_RHS_not002,,CLOCKWISE_AND_ANTICLOCKWISE,False,False,False,52.966358,-1.08996,52.966331,-1.089954,52.9663445,-1.089957
51104,Countline 1,,CLOCKWISE_AND_ANTICLOCKWISE,False,True,False,52.966446,-1.089912,52.96637,-1.08988,52.966408,-1.089896
51106,S243_WilfordLn_path_LHS_not002,,CLOCKWISE_AND_ANTICLOCKWISE,False,False,False,52.932304,-1.138504,52.932281,-1.138471,52.9322925,-1.1384875
51107,S243_WilfordLn_road_not002,,CLOCKWISE_AND_ANTICLOCKWISE,False,False,False,52.932304,-1.138427,52.932236,-1.138333,52.93227,-1.1383800000000002
51108,Countline 1,,CLOCKWISE_AND_ANTICLOCKWISE,False,True,False,52.932243,-1.138371,52.93222,-1.138337,52.9322315,-1.138354
51109,S245_ColwickLoopRd_road_not002,,CLOCKWISE_AND_ANTICLOCKWISE,False,False,False,52.961098,-1.069156,52.961075,-1.069064,52.9610865,-1.06911
51110,Countline 1,,CLOCKWISE_AND_ANTICLOCKWISE,False,True,False,52.961124,-1.069113,52.961098,-1.069032,52.961111,-1.0690724999999999
51111,S246_Colwick LoopRd_path_LHS_not002,,CLOCKWISE_AND_ANTICLOCKWISE,False,False,False,52.962116,-1.068526,52.962109,-1.068496,52.9621125,-1.068511
51113,S246_Colwick LoopRd_road_not002,,CLOCKWISE_AND_ANTICLOCKWISE,False,False,False,52.962124,-1.068481,52.962105,-1.068392,52.9621145,-1.0684365
51114,S248_A60_road_not002,,CLOCKWISE_AND_ANTICLOCKWISE,False,False,False,52.90633,-1.143813,52.906334,-1.143755,52.906332,-1.1437840000000001
51115,Countline 1,,CLOCKWISE_AND_ANTICLOCKWISE,False,True,False,52.906033,-1.143654,52.906048,-1.14373,52.9060405,-1.143692
51121,Countline 1,,CLOCKWISE_AND_ANTICLOCKWISE,False,True,False,52.962326,-1.068341,52.962288,-1.068262,52.962306999999996,-1.0683015
51208,s155_AspeyLnJn_road_not002,,CLOCKWISE_AND_ANTICLOCKWISE,False,False,False,52.967731,-1.190375,52.967785,-1.190346,52.967758,-1.1903605
51257,S263_LoughboroughRd_path_LHS_not002,,CLOCKWISE_AND_ANTICLOCKWISE,False,False,False,52.931881,-1.136998,52.931885,-1.137036,52.931883,-1.137017
51258,S263_LoughboroughRd_road_not002,,CLOCKWISE_AND_ANTICLOCKWISE,False,False,False,52.931885,-1.137036,52.931896,-1.13715,52.9318905,-1.1370930000000001
51259,S263_LoughboroughRd_path_RHS_not002,,CLOCKWISE_AND_ANTICLOCKWISE,False,False,False,52.931896,-1.13715,52.9319,-1.137184,52.931898000000004,-1.137167
51260,Countline 1,,CLOCKWISE_AND_ANTICLOCKWISE,False,True,False,52.931789,-1.137071,52.931847,-1.137172,52.931818,-1.1371215000000001
51263,S216_MansfieldRd(A60)_path_not002,,CLOCKWISE_AND_ANTICLOCKWISE,False,False,False,52.991573,-1.140057,52.991573,-1.140018,52.991573,-1.1400375
51264,S216_MansfieldRd(A60)_road_not002,,CLOCKWISE_AND_ANTICLOCKWISE,False,False,False,52.991619,-1.140013,52.991619,-1.139951,52.991619,-1.1399819999999998
51265,S216_MansfieldRd(A60)_crossing_not002,,CLOCKWISE_AND_ANTICLOCKWISE,False,False,False,52.99152,-1.139917,52.991554,-1.139918,52.991537,-1.1399175000000001
51274,Countline 1,,ANTICLOCKWISE_ONLY,False,True,False,52.971252,-1.073299,52.97123,-1.07321,52.971241,-1.0732545
51300,S273_BurtonRd_path_LHS_not002,,CLOCKWISE_AND_ANTICLOCKWISE,False,False,False,52.971294,-1.073286,52.971275,-1.073261,52.971284499999996,-1.0732735
51301,S273_BurtonRd_road_not002,,ANTICLOCKWISE_ONLY,False,False,False,52.971294,-1.073198,52.97126,-1.073154,52.971277,-1.0731760000000001
51409,S267_MeltonRd_road_not002,,CLOCKWISE_AND_ANTICLOCKWISE,False,False,False,52.9011,-1.117552,52.901199,-1.117548,52.9011495,-1.11755
51410,S267_MeltonRd_pathRHS_not002,,CLOCKWISE_AND_ANTICLOCKWISE,False,False,False,52.901218,-1.117534,52.901264,-1.117522,52.901241,-1.117528
51416,Countline 1,,CLOCKWISE_AND_ANTICLOCKWISE,False,True,False,52.90115,-1.117283,52.901188,-1.117283,52.901168999999996,-1.117283
51966,Countline 1,,CLOCKWISE_AND_ANTICLOCKWISE,False,True,False,52.936554,-1.134368,52.936558,-1.13448,52.936555999999996,-1.134424
52033,S49_beechdaleRd_RHS_cycle_not002,,CLOCKWISE_AND_ANTICLOCKWISE,False,False,False,52.961422,-1.199698,52.961437,-1.199689,52.961429499999994,-1.1996935
52421,S241_LoughboroughRdA60_road_not002,,CLOCKWISE_AND_ANTICLOCKWISE,False,False,True,52.936581,-1.134326,52.936592,-1.134475,52.9365865,-1.1344005
52422,S241_LoughboroughRdA60_path_LHS_not002,,CLOCKWISE_AND_ANTICLOCKWISE,False,False,False,52.936626,-1.134286,52.936642,-1.134299,52.936634,-1.1342925
52466,S257_WoodboroughRd_road_not002,,CLOCKWISE_AND_ANTICLOCKWISE,False,False,False,52.983883,-1.122307,52.983841,-1.12226,52.983862,-1.1222835
52467,S257_WoodboroughRd _path_not002,,CLOCKWISE_AND_ANTICLOCKWISE,False,False,False,52.983902,-1.122431,52.98386,-1.122351,52.983881,-1.122391
52473,Countline 2,,CLOCKWISE_AND_ANTICLOCKWISE,False,True,False,52.983891,-1.122288,52.98386,-1.12223,52.983875499999996,-1.1222590000000001
52582,S152_AspleyLn_crossing_not002,,CLOCKWISE_AND_ANTICLOCKWISE,False,False,False,52.967651,-1.190461,52.967628,-1.190364,52.9676395,-1.1904124999999999
52583,S152_WesternBlvd_not002,,CLOCKWISE_AND_ANTICLOCKWISE,False,False,False,52.967533,-1.190642,52.967602,-1.19064,52.9675675,-1.1906409999999998
52584,S158_WesternBlvd_crossing_not002,,CLOCKWISE_AND_ANTICLOCKWISE,False,False,False,52.968048,-1.190613,52.967987,-1.190673,52.9680175,-1.1906430000000001
52585,S158_AspleyLn_crossing_not002,,CLOCKWISE_AND_ANTICLOCKWISE,False,False,False,52.967934,-1.190898,52.96796,-1.191017,52.967946999999995,-1.1909575000000001
52586,S162_AspleyLn_road_LHS_not002,,CLOCKWISE_AND_ANTICLOCKWISE,False,False,False,52.968445,-1.192702,52.968414,-1.192725,52.9684295,-1.1927135
52587,S162_AspleyLn_road_cntr_not002,,CLOCKWISE_AND_ANTICLOCKWISE,False,False,False,52.968414,-1.192725,52.968388,-1.192747,52.968401,-1.192736
52588,S162_AspleyLn_road_RHS_not002,,CLOCKWISE_AND_ANTICLOCKWISE,False,False,False,52.968388,-1.192747,52.968349,-1.192781,52.9683685,-1.192764
52589,Countline 1,,CLOCKWISE_AND_ANTICLOCKWISE,False,True,False,52.968372,-1.192576,52.968315,-1.192607,52.9683435,-1.1925915
52590,S164_AspleyLn_road_LHS_not002,,CLOCKWISE_AND_ANTICLOCKWISE,False,False,False,52.967308,-1.189055,52.967339,-1.189045,52.967323500000006,-1.18905
52591,S164_AspleyLn_road_cntr_not002,,CLOCKWISE_AND_ANTICLOCKWISE,False,False,False,52.967339,-1.189045,52.967377,-1.189027,52.967358000000004,-1.189036
52592,S164_AspleyLn_road_RHS_not002,,CLOCKWISE_AND_ANTICLOCKWISE,False,False,False,52.967377,-1.189027,52.967411,-1.189013,52.967394,-1.1890200000000002
52593,Countline 1,,CLOCKWISE_AND_ANTICLOCKWISE,False,True,False,52.967308,-1.189055,52.967377,-1.189027,52.9673425,-1.189041
52604,S221_ValleyRd_road_not002,,CLOCKWISE_AND_ANTICLOCKWISE,False,False,False,52.992081,-1.141592,52.992023,-1.141557,52.992052,-1.1415745
52605,S221_ValleyRd_path_not002,,CLOCKWISE_AND_ANTICLOCKWISE,False,False,False,52.992023,-1.141557,52.991993,-1.141529,52.992008,-1.141543
52606,Countline 3,,CLOCKWISE_AND_ANTICLOCKWISE,False,True,False,52.992088,-1.14153,52.992031,-1.14149,52.992059499999996,-1.1415099999999998
52609,S283_MansfieldRd_road_not002,,CLOCKWISE_AND_ANTICLOCKWISE,False,False,False,52.964561,-1.152523,52.964584,-1.15242,52.9645725,-1.1524714999999999
52610,S283_MansfieldRd_path_not002,,CLOCKWISE_AND_ANTICLOCKWISE,False,False,False,52.964584,-1.15242,52.964592,-1.152372,52.964588000000006,-1.152396
52611,Countline 1,,CLOCKWISE_AND_ANTICLOCKWISE,False,True,False,52.96468,-1.15259,52.964691,-1.15247,52.9646855,-1.15253
52612,S284_MansfieldRd_path_not002,,CLOCKWISE_AND_ANTICLOCKWISE,False,False,False,52.964928,-1.152848,52.964924,-1.152878,52.964926000000006,-1.152863
52613,S284_MansfieldRd_road_not002,,CLOCKWISE_AND_ANTICLOCKWISE,False,False,False,52.964943,-1.152754,52.964928,-1.152848,52.964935499999996,-1.1528010000000002
52614,Countline 1,,CLOCKWISE_AND_ANTICLOCKWISE,False,True,False,52.964851,-1.15272,52.96484,-1.15281,52.9648455,-1.152765
52626,s165_WesternBlvd_road_northbound_left_not002,,ANTICLOCKWISE_ONLY,False,False,False,52.966442,-1.190961,52.966442,-1.190919,52.966442,-1.1909399999999999
52627,S163_WesternBlvd_road_southbound_LHS_not002,,ANTICLOCKWISE_ONLY,False,False,False,52.970001,-1.188257,52.970013,-1.188307,52.970007,-1.188282
52628,S204_WesternBlvd_road_turninglane_not002,,CLOCKWISE_ONLY,False,False,False,52.967533,-1.190741,52.967533,-1.190784,52.967533,-1.1907625
52629,S205_AspleyLn_road_not002,,CLOCKWISE_ONLY,False,False,False,52.967663,-1.190245,52.967644,-1.190257,52.9676535,-1.190251
52632,S209_LowerParliamentSt_road_not002,,ANTICLOCKWISE_ONLY,False,False,True,52.953587,-1.139398,52.953548,-1.139478,52.9535675,-1.139438
52633,Countline 1,,CLOCKWISE_AND_ANTICLOCKWISE,False,True,False,52.95364,-1.13949,52.953609,-1.13955,52.953624500000004,-1.13952
52646,Countline 1,,CLOCKWISE_AND_ANTICLOCKWISE,False,True,False,52.969944,-1.188319,52.969967,-1.188419,52.9699555,-1.1883689999999998
52647,Countline 1,,CLOCKWISE_AND_ANTICLOCKWISE,False,True,False,52.966537,-1.19096,52.966537,-1.190811,52.966537,-1.1908855
52648,Countline 1,,CLOCKWISE_AND_ANTICLOCKWISE,False,True,False,52.967381,-1.190599,52.967384,-1.190695,52.9673825,-1.190647
52649,Countline 1,,CLOCKWISE_AND_ANTICLOCKWISE,False,True,False,52.967651,-1.189922,52.967609,-1.189945,52.96763,-1.1899335
52650,S163_WesternBlvd_road_southbound_RHS_not002,,ANTICLOCKWISE_ONLY,False,False,False,52.970009,-1.188315,52.970024,-1.188358,52.9700165,-1.1883365000000001
52651,S165_WesternBlvd_road_northbound_middle_not002,,ANTICLOCKWISE_ONLY,False,False,False,52.966438,-1.190917,52.966438,-1.190869,52.966438,-1.190893
52652,S165_WesternBlvd_road_northbound_right_not002,,ANTICLOCKWISE_ONLY,False,False,False,52.966438,-1.190869,52.966442,-1.190817,52.96644,-1.190843
52653,S204_WesternBlvd_road_RHS_not002,,CLOCKWISE_ONLY,False,False,False,52.967552,-1.190784,52.967556,-1.190831,52.967554,-1.1908075
52661,S161_AspleyLn_crossing_not002,,CLOCKWISE_AND_ANTICLOCKWISE,False,False,False,52.967651,-1.190838,52.967598,-1.190848,52.9676245,-1.190843
52662,S161_AspleyLn_road_not002,,CLOCKWISE_AND_ANTICLOCKWISE,False,False,False,52.967899,-1.191165,52.96785,-1.191211,52.9678745,-1.191188
52663,S161_AspleyLn_crossing_not002,,CLOCKWISE_AND_ANTICLOCKWISE,False,False,False,52.967842,-1.191196,52.967819,-1.191137,52.9678305,-1.1911665
52664,S285_MansfieldRd_path_LHS_not002,,CLOCKWISE_AND_ANTICLOCKWISE,False,False,False,52.96352,-1.152023,52.963528,-1.151954,52.963524,-1.1519884999999999
52665,S285_MansfieldRd_road_not002,,ANTICLOCKWISE_ONLY,False,False,False,52.963543,-1.151961,52.963554,-1.151851,52.9635485,-1.1519059999999999
52666,Countline 1,,CLOCKWISE_AND_ANTICLOCKWISE,False,True,False,52.963501,-1.15196,52.963509,-1.15186,52.963505,-1.15191
52680,S251_RadcliffeRd_Path_not002,,CLOCKWISE_AND_ANTICLOCKWISE,False,False,False,52.938568,-1.128342,52.938587,-1.128345,52.938577499999994,-1.1283435
52681,S251_RadcliffeRd_Road_not002,,CLOCKWISE_AND_ANTICLOCKWISE,False,False,False,52.938587,-1.12828,52.938641,-1.128296,52.938614,-1.128288
52682,Journey_Times,,CLOCKWISE_AND_ANTICLOCKWISE,False,True,False,52.938587,-1.12828,52.938641,-1.128296,52.938614,-1.128288
52756,s151_WesternBlvd_road_not002_0,,CLOCKWISE_ONLY,False,False,False,52.967541,-1.19089,52.967541,-1.19094,52.967541,-1.190915
52757,s151_WesternBlvd_road_not002_1,,CLOCKWISE_ONLY,False,False,False,52.967529,-1.19084,52.967529,-1.19089,52.967529,-1.190865
53192,S287_WesterBlvd_path_not002,,CLOCKWISE_AND_ANTICLOCKWISE,False,False,False,52.979462,-1.17565,52.979481,-1.17568,52.9794715,-1.175665
53193,S287_WesterBlvd_road_not002,,CLOCKWISE_AND_ANTICLOCKWISE,False,False,False,52.979481,-1.17568,52.979519,-1.17573,52.9795,-1.175705
53194,Countline 1,,CLOCKWISE_AND_ANTICLOCKWISE,False,True,False,52.979481,-1.17568,52.979519,-1.17573,52.9795,-1.175705
53195,S289_EdwardsLn_road_not002,,CLOCKWISE_AND_ANTICLOCKWISE,False,False,False,52.988319,-1.14916,52.988331,-1.14906,52.988325,-1.1491099999999999
53196,S289_EdwardsLn_path_not002,,CLOCKWISE_AND_ANTICLOCKWISE,False,False,False,52.988331,-1.14906,52.988338,-1.14901,52.9883345,-1.149035
53197,S290_RadfordRd_path_LHS_not002,,CLOCKWISE_AND_ANTICLOCKWISE,False,False,False,52.978241,-1.17439,52.978249,-1.17436,52.978245,-1.174375
53198,S290_RadfordRd_road_not002,,CLOCKWISE_AND_ANTICLOCKWISE,False,False,False,52.97826,-1.17434,52.978279,-1.17423,52.978269499999996,-1.174285
53199,S290_RadfordRd_path_RHS_not002,,CLOCKWISE_AND_ANTICLOCKWISE,False,False,False,52.978291,-1.17422,52.978298,-1.17417,52.978294500000004,-1.174195
53203,S292_JubileeCampusEntrance_path_LHS_not002,,CLOCKWISE_AND_ANTICLOCKWISE,False,False,False,52.954411,-1.19233,52.954399,-1.19226,52.954405,-1.192295
53204,S292_JubileeCampusEntrance_path_RHS_not002,,CLOCKWISE_AND_ANTICLOCKWISE,False,False,False,52.954369,-1.19223,52.95435,-1.19222,52.954359499999995,-1.192225
53205,S293_ThorneywoodMount_path_LHS_not002,,CLOCKWISE_AND_ANTICLOCKWISE,False,False,False,52.96537,-1.12443,52.965351,-1.1244,52.9653605,-1.124415
53206,S293_ThorneywoodMount_road_not002,,CLOCKWISE_AND_ANTICLOCKWISE,False,False,False,52.965359,-1.12439,52.965328,-1.12433,52.9653435,-1.12436
53207,S293_ThorneywoodMount_path_RHS_not002,,CLOCKWISE_AND_ANTICLOCKWISE,False,False,False,52.965321,-1.12433,52.965309,-1.1243,52.965315000000004,-1.1243150000000002
53208,S294_SneintonDale_path_LHS_not002,,CLOCKWISE_AND_ANTICLOCKWISE,False,False,False,52.95557,-1.11995,52.955559,-1.11992,52.9555645,-1.119935
53209,S294_SneintonDale_cycleLn_RHS_not002,,CLOCKWISE_AND_ANTICLOCKWISE,False,False,False,52.955582,-1.11983,52.95557,-1.11982,52.955576,-1.119825
53210,S294_SneintonDale_cycleLn_RHS_not002,,CLOCKWISE_AND_ANTICLOCKWISE,False,False,False,52.95549,-1.11984,52.955479,-1.11983,52.9554845,-1.1198350000000001
53211,S294_SneintonDale_path_RHS_not002,,CLOCKWISE_AND_ANTICLOCKWISE,False,False,False,52.955471,-1.1198,52.955448,-1.11974,52.9554595,-1.11977
53259,S294_SneintonDl_road_not002,,CLOCKWISE_AND_ANTICLOCKWISE,False,False,False,52.955521,-1.11992,52.95549,-1.11985,52.9555055,-1.119885
53260,S295_QueensDr_path_not002,,CLOCKWISE_AND_ANTICLOCKWISE,False,False,False,52.933788,-1.16079,52.933788,-1.16088,52.933788,-1.160835
53261,S295_QueensDr_road_not002,,CLOCKWISE_AND_ANTICLOCKWISE,False,False,False,52.933811,-1.16089,52.9338,-1.16102,52.9338055,-1.160955
53262,S296_AlfretonRd_path_not002,,CLOCKWISE_AND_ANTICLOCKWISE,False,False,False,52.961731,-1.17139,52.96175,-1.17136,52.961740500000005,-1.1713749999999998
53263,S296_AlfretonRd_road_not002,,CLOCKWISE_AND_ANTICLOCKWISE,False,False,False,52.96175,-1.17136,52.961788,-1.1713,52.961769000000004,-1.17133
53264,Countline 1,,CLOCKWISE_AND_ANTICLOCKWISE,False,True,False,52.961849,-1.1716,52.961891,-1.17155,52.961870000000005,-1.171575
53511,S204_WesternBlvd_road_LHS_not002,,ANTICLOCKWISE_ONLY,False,False,False,52.967449,-1.1906,52.967449,-1.1907,52.967449,-1.1906500000000002
53948,S32_PorchesterRd_cycleLn_not002,,CLOCKWISE_AND_ANTICLOCKWISE,False,False,False,52.96368,-1.12026,52.96368,-1.12029,52.96368,-1.120275
53961,S286_ValleyRd_road_not002,,CLOCKWISE_ONLY,False,False,False,52.979671,-1.17537,52.979729,-1.17542,52.9797,-1.175395
53962,Countline 1,,CLOCKWISE_AND_ANTICLOCKWISE,False,True,False,52.979641,-1.17542,52.979691,-1.17549,52.979666,-1.175455
53965,S291_WilkinsonSt_path_LHS_not002,,CLOCKWISE_AND_ANTICLOCKWISE,False,False,False,52.972172,-1.17947,52.972191,-1.17945,52.972181500000005,-1.1794600000000002
53966,S291_WilkinsonSt_road_not002,,CLOCKWISE_AND_ANTICLOCKWISE,False,False,False,52.972221,-1.17956,52.972271,-1.17953,52.972246,-1.179545
53967,S291_WilkinsonSt_path_RHS_not002,,CLOCKWISE_AND_ANTICLOCKWISE,False,False,False,52.972252,-1.17942,52.97226,-1.17941,52.972256,-1.179415
53969,S288_EdwardsLn_road_not002,,CLOCKWISE_AND_ANTICLOCKWISE,False,False,False,52.988178,-1.14912,52.988171,-1.14918,52.9881745,-1.1491500000000001
53970,S288_EdwardsLn_path_not002,,CLOCKWISE_AND_ANTICLOCKWISE,False,False,False,52.98814,-1.14927,52.98819,-1.14921,52.988165,-1.14924
53971,S288_EdwinstoweDr_path_LHS_not001,,CLOCKWISE_AND_ANTICLOCKWISE,False,False,False,52.988098,-1.14937,52.988121,-1.14941,52.9881095,-1.14939
53972,S288_EdwinstoweDr_road_not001,,CLOCKWISE_AND_ANTICLOCKWISE,False,False,False,52.988152,-1.14936,52.988178,-1.1494,52.988164999999995,-1.1493799999999998
53973,S288_EdwinstoweDr_path_RHS_not001,,CLOCKWISE_AND_ANTICLOCKWISE,False,False,False,52.988152,-1.14945,52.988171,-1.14949,52.988161500000004,-1.14947
54705,S297_AlfretonRd_path_not002,,CLOCKWISE_AND_ANTICLOCKWISE,False,False,False,52.961121,-1.16984,52.96114,-1.16979,52.961130499999996,-1.169815
54706,S297_AlfretonRd_road_not002,,CLOCKWISE_AND_ANTICLOCKWISE,False,False,False,52.96109,-1.16994,52.961128,-1.16985,52.961109,-1.169895
54723,S262_MeltonRd(A606)_path_LHS_not002,,CLOCKWISE_AND_ANTICLOCKWISE,False,False,False,52.931889,-1.13637,52.931889,-1.13641,52.931889,-1.13639
54724,S262_MeltonRd(A606)_road_not002,,CLOCKWISE_AND_ANTICLOCKWISE,False,False,False,52.931889,-1.13641,52.931881,-1.13656,52.931884999999994,-1.136485
54725,S262_MeltonRd(A606)_path_RHS_not002,,CLOCKWISE_AND_ANTICLOCKWISE,False,False,False,52.931862,-1.13655,52.931862,-1.13658,52.931862,-1.136565
54726,S268_LoughboroughRd(A60)_path_LHS_not002,,CLOCKWISE_AND_ANTICLOCKWISE,False,False,False,52.908852,-1.14515,52.908852,-1.14511,52.908852,-1.14513
54727,S268_LoughboroughRd(A60)_road_not002,,CLOCKWISE_AND_ANTICLOCKWISE,False,False,False,52.908852,-1.14511,52.908871,-1.14497,52.9088615,-1.14504
54728,S268_LoughboroughRd(A60)_path_RHS_not002,,CLOCKWISE_AND_ANTICLOCKWISE,False,False,False,52.908852,-1.14496,52.908852,-1.14494,52.908852,-1.1449500000000001
54744,Countline 1,,CLOCKWISE_AND_ANTICLOCKWISE,False,True,False,52.96117,-1.17003,52.961201,-1.16995,52.9611855,-1.1699899999999999
54748,Countline 1,,CLOCKWISE_AND_ANTICLOCKWISE,False,True,False,52.931889,-1.13641,52.931889,-1.13646,52.931889,-1.136435
54757,S89_AlfretonRd_road_not002,,CLOCKWISE_AND_ANTICLOCKWISE,False,False,True,52.956348,-1.16255,52.95639,-1.16249,52.956368999999995,-1.16252
54758,S89_AlfretonRd_path_not002,,CLOCKWISE_AND_ANTICLOCKWISE,False,False,False,52.956402,-1.1625,52.956409,-1.16247,52.9564055,-1.162485
54760,Countline 1,,CLOCKWISE_AND_ANTICLOCKWISE,False,True,False,52.95647,-1.16278,52.956509,-1.16271,52.9564895,-1.162745
54762,S90_AlfretonRd_path_not002,,CLOCKWISE_AND_ANTICLOCKWISE,False,False,False,52.956299,-1.16269,52.95631,-1.16266,52.9563045,-1.1626750000000001
54763,S90_AlfretonRd_road_not002,,CLOCKWISE_AND_ANTICLOCKWISE,False,False,True,52.956329,-1.16267,52.95636,-1.16259,52.9563445,-1.16263
54764,Countline 1,,CLOCKWISE_AND_ANTICLOCKWISE,False,True,False,52.956429,-1.16283,52.956459,-1.16276,52.956444000000005,-1.162795
54767,Countline 1,,CLOCKWISE_AND_ANTICLOCKWISE,False,True,False,52.908939,-1.14515,52.908958,-1.14501,52.908948499999994,-1.14508
54912,S254_CliftonLn_road_not002,,CLOCKWISE_AND_ANTICLOCKWISE,False,False,False,52.924931,-1.16364,52.924889,-1.16354,52.92491,-1.1635900000000001
54913,S254_CliftonLn_path_not002,,CLOCKWISE_AND_ANTICLOCKWISE,False,False,False,52.924831,-1.16354,52.92482,-1.16351,52.9248255,-1.163525
54914,Countline 1,,CLOCKWISE_AND_ANTICLOCKWISE,False,True,False,52.925011,-1.1635,52.92498,-1.16341,52.924995499999994,-1.163455
54915,S255_CliftonLn_path_not002,,CLOCKWISE_AND_ANTICLOCKWISE,False,False,False,52.925091,-1.16371,52.925072,-1.16368,52.925081500000005,-1.1636950000000001
54916,S255_CliftonLn_raod_not002,,CLOCKWISE_AND_ANTICLOCKWISE,False,False,False,52.925079,-1.16365,52.925041,-1.16357,52.92506,-1.16361
54917,Countline 1,,CLOCKWISE_AND_ANTICLOCKWISE,False,True,False,52.925129,-1.16357,52.925091,-1.16349,52.925110000000004,-1.16353
55269,S54_MarinerSt_road_not002,,CLOCKWISE_AND_ANTICLOCKWISE,False,False,False,52.944511,-1.12307,52.944611,-1.12311,52.944561,-1.12309
