name,datetime,temp,humidity,precip,windspeed,visibility,icon
Notingham,2024-12-01T00:00:00,12.3,90.56,0,14.1,,cloudy
Notingham,2024-12-01T01:00:00,12.2,89.95,0,13.9,,cloudy
Notingham,2024-12-01T02:00:00,12,89.94,0,13.4,,cloudy
Notingham,2024-12-01T03:00:00,11.9,89.33,0,13.6,,cloudy
Notingham,2024-12-01T04:00:00,11.9,89.33,0,14.3,,cloudy
Notingham,2024-12-01T05:00:00,11.6,91.12,0,15,,cloudy
Notingham,2024-12-01T06:00:00,11.6,91.12,0,15.7,,cloudy
Notingham,2024-12-01T07:00:00,11.5,91.72,0,14.8,,cloudy
Notingham,2024-12-01T08:00:00,11.5,92.95,0,14.5,,cloudy
Notingham,2024-12-01T09:00:00,11.6,94.21,0,14.3,,cloudy
Notingham,2024-12-01T10:00:00,11.7,94.84,0,13.4,,cloudy
Notingham,2024-12-01T11:00:00,12.2,94.86,0,13.9,,cloudy
Notingham,2024-12-01T12:00:00,12.3,94.86,0,13,,cloudy
Notingham,2024-12-01T13:00:00,12.6,93.63,0,11.9,,cloudy
Notingham,2024-12-01T14:00:00,12.9,90.6,0,10.7,,partly-cloudy-day
Notingham,2024-12-01T15:00:00,12.6,87.62,0,10.5,,partly-cloudy-day
Notingham,2024-12-01T16:00:00,11.8,89.32,0,10.7,,partly-cloudy-night
Notingham,2024-12-01T17:00:00,11.3,91.71,0,11,,partly-cloudy-night
Notingham,2024-12-01T18:00:00,11.1,92.93,0,11.6,,partly-cloudy-night
Notingham,2024-12-01T19:00:00,11.4,92.33,0,11.6,,partly-cloudy-night
Notingham,2024-12-01T20:00:00,11.3,92.32,0,11.6,,cloudy
Notingham,2024-12-01T21:00:00,11.1,92.31,0,11.4,,cloudy
Notingham,2024-12-01T22:00:00,10.5,93.97,0,8.5,15.4,cloudy
Notingham,2024-12-01T23:00:00,10.4,93.3,0.008,7.7,17.3,cloudy
Notingham,2024-12-02T00:00:00,10.1,93.4,0.004,8.6,23.1,cloudy
Notingham,2024-12-02T01:00:00,10.3,92.52,0.012,9.7,25.6,cloudy
Notingham,2024-12-02T02:00:00,9.9,92.12,0.039,9.6,31.7,cloudy
Notingham,2024-12-02T03:00:00,9.5,92.06,0,8.6,4.8,cloudy
Notingham,2024-12-02T04:00:00,8.4,90.29,0.18,9.5,34.3,partly-cloudy-night
Notingham,2024-12-02T05:00:00,7.6,90.85,0,9.5,28.7,partly-cloudy-night
Notingham,2024-12-02T06:00:00,7.5,90.89,0.2,9.6,31.3,cloudy
Notingham,2024-12-02T07:00:00,7.1,91.76,0.008,8.5,28.4,partly-cloudy-night
Notingham,2024-12-02T08:00:00,7.3,92.34,0.039,7.9,20.1,cloudy
Notingham,2024-12-02T09:00:00,8,93.32,0.039,11.7,31.2,cloudy
Notingham,2024-12-02T10:00:00,8.5,87.71,0.039,10.8,23,cloudy
Notingham,2024-12-02T11:00:00,8.3,84.96,0.379,9.5,25.7,rain
Notingham,2024-12-02T12:00:00,8.3,87.85,0.057,9.5,25.6,cloudy
Notingham,2024-12-02T13:00:00,7.7,93.51,0.379,7.5,1.5,rain
Notingham,2024-12-02T14:00:00,7.4,92.35,0.004,8.8,28.8,cloudy
Notingham,2024-12-02T15:00:00,7.4,89.54,0,8.3,26.1,cloudy
Notingham,2024-12-02T16:00:00,7.1,89.85,0.004,7.3,25.7,cloudy
Notingham,2024-12-02T17:00:00,6.9,89.24,0,9.3,17.7,cloudy
Notingham,2024-12-02T18:00:00,6.6,87.17,0,9.4,17.6,cloudy
Notingham,2024-12-02T19:00:00,6.1,84.6,0,9.5,17.6,cloudy
Notingham,2024-12-02T20:00:00,5.6,82.74,0,7.4,17,cloudy
Notingham,2024-12-02T21:00:00,5.1,82.57,0,6.3,17.6,cloudy
Notingham,2024-12-02T22:00:00,4.7,81.26,0,5.3,20.3,cloudy
Notingham,2024-12-02T23:00:00,4.6,80.19,0,4.1,23.2,cloudy
Notingham,2024-12-03T00:00:00,4,81.55,0,5.2,25.8,cloudy
Notingham,2024-12-03T01:00:00,4.1,79.91,0,3.9,31.3,cloudy
Notingham,2024-12-03T02:00:00,4.1,81.72,0,3.8,25.7,cloudy
Notingham,2024-12-03T03:00:00,4,83.22,0,3.7,28.6,cloudy
Notingham,2024-12-03T04:00:00,3.8,86.16,0,5.1,28.6,cloudy
Notingham,2024-12-03T05:00:00,3.3,88.95,0,4,20.4,cloudy
Notingham,2024-12-03T06:00:00,1.8,92.87,0.076,3.8,13.1,clear-night
Notingham,2024-12-03T07:00:00,1.9,94.32,0,4.9,13.2,clear-night
Notingham,2024-12-03T08:00:00,1.9,94.9,0,5,8.3,cloudy
Notingham,2024-12-03T09:00:00,1.9,94.86,0,0.6,6.5,cloudy
Notingham,2024-12-03T10:00:00,2.9,95.63,0,0.6,8.1,cloudy
Notingham,2024-12-03T11:00:00,5.1,84.4,0,0.4,10.9,cloudy
Notingham,2024-12-03T12:00:00,5.1,82.59,0,3.4,13.2,partly-cloudy-day
Notingham,2024-12-03T13:00:00,6.9,70.84,0,3.4,14.8,clear-day
Notingham,2024-12-03T14:00:00,5.3,78.35,0,3.3,14.3,clear-day
Notingham,2024-12-03T15:00:00,5.1,80.16,0,3.3,16.9,clear-day
Notingham,2024-12-03T16:00:00,4.2,89.96,0,3.1,,partly-cloudy-night
Notingham,2024-12-03T17:00:00,1.9,92.82,0,3.5,8.4,clear-night
Notingham,2024-12-03T18:00:00,2.9,94.47,0,4.9,,cloudy
Notingham,2024-12-03T19:00:00,3.3,92.49,0,4.9,,partly-cloudy-night
Notingham,2024-12-03T20:00:00,2.6,94.46,0,4.9,,cloudy
Notingham,2024-12-03T21:00:00,1.8,95.11,0,5.4,,cloudy
Notingham,2024-12-03T22:00:00,1.9,96.41,0,2.7,3.3,cloudy
Notingham,2024-12-03T23:00:00,1.6,96.41,0,5.5,4.2,partly-cloudy-night
Notingham,2024-12-04T00:00:00,2.6,97.66,0.187,5.2,2.7,cloudy
Notingham,2024-12-04T01:00:00,2.9,98.3,0.016,6.3,2.7,cloudy
Notingham,2024-12-04T02:00:00,3.7,97.32,0,9.1,2.8,cloudy
Notingham,2024-12-04T03:00:00,3.8,97.13,0.004,9.3,2.8,cloudy
Notingham,2024-12-04T04:00:00,3.8,97.55,0.004,7,3.2,cloudy
Notingham,2024-12-04T05:00:00,3.8,96.55,0,5.9,3.2,cloudy
Notingham,2024-12-04T06:00:00,3.5,97.07,0,7.2,2.5,cloudy
Notingham,2024-12-04T07:00:00,3.4,96.67,0,9.3,1.9,clear-night
Notingham,2024-12-04T08:00:00,2.9,98.5,0,8.3,1.3,partly-cloudy-day
Notingham,2024-12-04T09:00:00,3.2,99.14,0,9.3,0.2,fog
Notingham,2024-12-04T10:00:00,4.7,95.81,0,10.2,2.7,partly-cloudy-day
Notingham,2024-12-04T11:00:00,4.8,95.81,0,10.4,1.8,cloudy
Notingham,2024-12-04T12:00:00,5.2,95.82,0,7.7,2.3,cloudy
Notingham,2024-12-04T13:00:00,4.8,100,0,8,2.3,cloudy
Notingham,2024-12-04T14:00:00,5.5,95.45,0,8.4,2.1,cloudy
Notingham,2024-12-04T15:00:00,4.9,98.49,0,6.2,0.9,cloudy
Notingham,2024-12-04T16:00:00,5.6,99.38,0,7.3,1.4,cloudy
Notingham,2024-12-04T17:00:00,6.3,100,0,7.6,2.5,cloudy
Notingham,2024-12-04T18:00:00,6.9,97.29,0.008,7.7,5.3,cloudy
Notingham,2024-12-04T19:00:00,7.3,95.42,0.379,9.8,2.6,rain
Notingham,2024-12-04T20:00:00,7.6,96.71,1.816,9.7,3.7,rain
Notingham,2024-12-04T21:00:00,8,96.41,0.952,12,4.5,rain
Notingham,2024-12-04T22:00:00,8.1,95.96,0.359,13.4,5.5,rain
Notingham,2024-12-04T23:00:00,8.6,96.18,0.18,14.4,17.3,cloudy
Notingham,2024-12-05T00:00:00,9.1,94.71,0.016,14.4,17.4,cloudy
Notingham,2024-12-05T01:00:00,9.3,96.57,0.898,14.7,3,rain
Notingham,2024-12-05T02:00:00,9.6,97.88,0.375,12.4,2.7,rain
Notingham,2024-12-05T03:00:00,10.1,97.78,0.902,12.4,3.5,rain
Notingham,2024-12-05T04:00:00,10.5,97.29,0.18,12.5,34.2,cloudy
Notingham,2024-12-05T05:00:00,10.9,97.67,0.543,11.4,22.9,rain
Notingham,2024-12-05T06:00:00,11.3,98.04,0.111,13.2,16,cloudy
Notingham,2024-12-05T07:00:00,11.6,96.54,0.219,11.7,2.7,cloudy
Notingham,2024-12-05T08:00:00,11.6,94.77,0,8.8,39.6,cloudy
Notingham,2024-12-05T09:00:00,10.7,89.13,0.25,9.3,15.2,cloudy
Notingham,2024-12-05T10:00:00,10.7,91.12,0,8.4,14.1,cloudy
Notingham,2024-12-05T11:00:00,11.1,90.33,0,6.2,25.7,cloudy
Notingham,2024-12-05T12:00:00,11.6,87.02,0.012,6.3,20.2,partly-cloudy-day
Notingham,2024-12-05T13:00:00,11.1,87.13,0,8.4,20.3,cloudy
Notingham,2024-12-05T14:00:00,11.2,89.94,0.008,7.5,20.3,cloudy
Notingham,2024-12-05T15:00:00,11.9,92.29,0.02,10.9,5.6,cloudy
Notingham,2024-12-05T16:00:00,11.7,94.62,0.758,13.3,5.7,rain
Notingham,2024-12-05T17:00:00,11.4,95.18,3.67,17.9,2.6,rain
Notingham,2024-12-05T18:00:00,10.9,83.49,1.868,18.2,39.7,rain
Notingham,2024-12-05T19:00:00,9.2,80.7,0,16.7,23.1,cloudy
Notingham,2024-12-05T20:00:00,8.8,77.7,0,16.8,28.6,cloudy
Notingham,2024-12-05T21:00:00,8.1,74.54,0.28,18.6,20.4,rain
Notingham,2024-12-05T22:00:00,7.4,77.21,0.012,22,23.1,partly-cloudy-night
Notingham,2024-12-05T23:00:00,7,82.74,0.004,13.4,31.5,cloudy
Notingham,2024-12-06T00:00:00,7.6,69.8,0,18.6,25.9,partly-cloudy-night
Notingham,2024-12-06T01:00:00,7.3,67.64,0.012,15.6,16.3,clear-night
Notingham,2024-12-06T02:00:00,7.6,67.26,0,13.2,12.4,partly-cloudy-night
Notingham,2024-12-06T03:00:00,7.3,69.69,0,15.1,11.3,partly-cloudy-night
Notingham,2024-12-06T04:00:00,7.1,64,0,15.2,12.9,clear-night
Notingham,2024-12-06T05:00:00,6.8,67.18,0,13.3,11.9,clear-night
Notingham,2024-12-06T06:00:00,6.6,69.15,0.004,10.9,13.6,clear-night
Notingham,2024-12-06T07:00:00,6.3,76.17,0,10.6,15.2,clear-night
Notingham,2024-12-06T08:00:00,6.1,76.78,0,11.3,13.6,clear-night
Notingham,2024-12-06T09:00:00,6.1,78.05,0,9.4,13.5,cloudy
Notingham,2024-12-06T10:00:00,6.2,78.13,0,8.3,12.4,clear-day
Notingham,2024-12-06T11:00:00,6.6,78.51,0,8.5,11.9,clear-day
Notingham,2024-12-06T12:00:00,6.7,78.3,0,9.5,13.6,clear-day
Notingham,2024-12-06T13:00:00,6.6,76.97,0,5.4,15.8,clear-day
Notingham,2024-12-06T14:00:00,6.5,78.98,0,5.3,15.3,partly-cloudy-day
Notingham,2024-12-06T15:00:00,6.5,80.24,0,6.1,14.7,cloudy
Notingham,2024-12-06T16:00:00,6.3,82.44,0,6.3,13,cloudy
Notingham,2024-12-06T17:00:00,5.8,88.61,0.18,8.6,7.3,cloudy
Notingham,2024-12-06T18:00:00,6.1,87.13,0.014,10.7,13,cloudy
Notingham,2024-12-06T19:00:00,6.8,82.93,0,12,16.2,cloudy
Notingham,2024-12-06T20:00:00,6.8,88.71,0.191,14.7,15.6,cloudy
Notingham,2024-12-06T21:00:00,7.5,91.9,0.367,14.8,3.4,rain
Notingham,2024-12-06T22:00:00,8.3,94.47,0.184,17.8,6.7,cloudy
Notingham,2024-12-06T23:00:00,9.3,94.85,0.004,17.9,3.9,cloudy
Notingham,2024-12-07T00:00:00,10.5,94.19,0.059,17,39.4,cloudy
Notingham,2024-12-07T01:00:00,11.5,75.48,0,23.5,17.6,cloudy
Notingham,2024-12-07T02:00:00,10.3,77.53,0,18.2,15.4,cloudy
Notingham,2024-12-07T03:00:00,9.2,86.57,0.184,17.5,3.4,cloudy
Notingham,2024-12-07T04:00:00,8.5,80.61,0.191,18,31.2,cloudy
Notingham,2024-12-07T05:00:00,8.1,75.7,0.012,20.3,36.8,cloudy
Notingham,2024-12-07T06:00:00,6.7,83.4,0.199,14.8,2.8,cloudy
Notingham,2024-12-07T07:00:00,5.7,93,0.187,11.5,4.9,cloudy
Notingham,2024-12-07T08:00:00,6.6,97.59,0.777,12.1,11.6,rain
Notingham,2024-12-07T09:00:00,7,86.6,0.278,15,31.2,rain
Notingham,2024-12-07T10:00:00,6.5,90.56,0.398,13.1,3.1,rain
Notingham,2024-12-07T11:00:00,6.9,92.42,0.371,13.1,6.1,rain
Notingham,2024-12-07T12:00:00,7.1,88.89,0.36,16,39.5,rain
Notingham,2024-12-07T13:00:00,6.6,81.43,0.02,20.3,36.7,cloudy
Notingham,2024-12-07T14:00:00,6.3,83.17,0.371,23.8,6.1,rain
Notingham,2024-12-07T15:00:00,5.6,85.63,0.957,23.7,3.3,rain
Notingham,2024-12-07T16:00:00,6.3,78.98,0.438,23.7,17.3,rain
Notingham,2024-12-07T17:00:00,6.5,75.88,0.059,23.7,39.6,cloudy
Notingham,2024-12-07T18:00:00,6.5,74.91,0.059,21.8,39.6,cloudy
Notingham,2024-12-07T19:00:00,6.6,71.87,0.004,24.7,39.9,cloudy
Notingham,2024-12-07T20:00:00,6.5,75.24,0.012,19.5,13.4,cloudy
Notingham,2024-12-07T21:00:00,5.8,81.52,0.108,20.4,9.5,cloudy
Notingham,2024-12-07T22:00:00,6.1,81.47,0.375,22.2,9.9,rain
Notingham,2024-12-07T23:00:00,6.2,84.57,0.184,21.1,14.7,cloudy
Notingham,2024-12-08T00:00:00,6.4,85.47,0.144,20.6,25.7,cloudy
Notingham,2024-12-08T01:00:00,6.7,87.71,0.554,23.5,2.2,rain
Notingham,2024-12-08T02:00:00,6.4,88.97,0.906,20.7,9.1,rain
Notingham,2024-12-08T03:00:00,5.7,85.99,0.184,21.4,11.8,cloudy
Notingham,2024-12-08T04:00:00,5,88.04,0.184,20.3,22.9,cloudy
Notingham,2024-12-08T05:00:00,4.9,88.72,0.539,20.2,4.4,rain
Notingham,2024-12-08T06:00:00,5.1,87.19,2.097,22.6,8.8,rain
Notingham,2024-12-08T07:00:00,5.2,83.49,0,21.7,15.9,cloudy
Notingham,2024-12-08T08:00:00,5.2,80.9,0,18.9,15.3,partly-cloudy-night
Notingham,2024-12-08T09:00:00,5.6,79.96,0.076,19.1,9.3,cloudy
Notingham,2024-12-08T10:00:00,5.7,85.16,0.18,21.4,11.6,cloudy
Notingham,2024-12-08T11:00:00,5.6,88.24,0.718,18,3.8,rain
Notingham,2024-12-08T12:00:00,5.7,90.87,2.8,16.8,2.5,rain
Notingham,2024-12-08T13:00:00,5.9,88.45,1.796,20,20.2,rain
Notingham,2024-12-08T14:00:00,6.2,88.12,0.184,18.7,9.4,cloudy
Notingham,2024-12-08T15:00:00,5.9,91.71,0.191,16.7,6.1,cloudy
Notingham,2024-12-08T16:00:00,6.2,89.8,0.543,17.8,5.2,rain
Notingham,2024-12-08T17:00:00,6.2,91.13,0.902,14.9,4,rain
Notingham,2024-12-08T18:00:00,6.2,92.34,1.297,16.8,3.8,rain
Notingham,2024-12-08T19:00:00,6.4,90.02,0.191,15.8,20.2,cloudy
Notingham,2024-12-08T20:00:00,6.6,87.55,0,14.7,17.6,cloudy
Notingham,2024-12-08T21:00:00,6.6,86.05,0.004,13.6,17.4,cloudy
Notingham,2024-12-08T22:00:00,6.6,83.17,0,13.5,5.9,cloudy
Notingham,2024-12-08T23:00:00,6.7,81.61,0,13.6,17.6,cloudy
Notingham,2024-12-09T00:00:00,6.6,82.89,0.082,12.1,7,cloudy
Notingham,2024-12-09T01:00:00,6.4,82.09,0.004,10.1,17.6,cloudy
Notingham,2024-12-09T02:00:00,6.4,83.54,0,10.1,15.9,cloudy
Notingham,2024-12-09T03:00:00,6.4,80.95,0,11,20.4,cloudy
Notingham,2024-12-09T04:00:00,6.3,78.97,0,12,20.3,cloudy
Notingham,2024-12-09T05:00:00,5.9,80.02,0,14.2,20.2,cloudy
Notingham,2024-12-09T06:00:00,5.4,83.82,0.006,10.8,20.2,cloudy
Notingham,2024-12-09T07:00:00,5.2,85.46,0.004,11,15.3,cloudy
Notingham,2024-12-09T08:00:00,5.4,84.68,0.18,12.2,11.8,cloudy
Notingham,2024-12-09T09:00:00,5.4,86.37,0.004,12.3,16.5,cloudy
Notingham,2024-12-09T10:00:00,6,84.52,0.18,12,17.6,partly-cloudy-day
Notingham,2024-12-09T11:00:00,6.3,78.94,0,13.3,20.4,partly-cloudy-day
Notingham,2024-12-09T12:00:00,6.4,80.13,0.074,12.1,9.9,cloudy
Notingham,2024-12-09T13:00:00,6.2,85.08,0.359,11.2,17.6,rain
Notingham,2024-12-09T14:00:00,6.9,82.44,0,13.4,17.1,cloudy
Notingham,2024-12-09T15:00:00,6.7,84.87,0,12.1,15.9,cloudy
Notingham,2024-12-09T16:00:00,6.6,88.32,0,11,10.8,cloudy
Notingham,2024-12-09T17:00:00,6.4,88.43,0.008,10.2,11.2,cloudy
Notingham,2024-12-09T18:00:00,6.4,86.8,0.004,10.8,12.8,cloudy
Notingham,2024-12-09T19:00:00,6.2,87.15,0,12.3,3.9,cloudy
Notingham,2024-12-09T20:00:00,6.2,87.64,0,12.2,14.8,cloudy
Notingham,2024-12-09T21:00:00,6.4,80.9,0,13.5,9.2,cloudy
Notingham,2024-12-09T22:00:00,6.1,83.96,0,11.3,15.9,cloudy
Notingham,2024-12-09T23:00:00,6.1,79.79,0,13.2,16.9,cloudy
Notingham,2024-12-10T00:00:00,6,79.16,0.008,13.1,8.6,cloudy
Notingham,2024-12-10T01:00:00,5.7,82.33,0,12.8,10.8,cloudy
Notingham,2024-12-10T02:00:00,5.7,82.23,0,12.7,8.6,cloudy
Notingham,2024-12-10T03:00:00,5.6,83.2,0,11.5,15.4,cloudy
Notingham,2024-12-10T04:00:00,5.6,81.68,0,12.9,13.1,cloudy
Notingham,2024-12-10T05:00:00,5.4,83.2,0,11.4,16.4,cloudy
Notingham,2024-12-10T06:00:00,4.9,89.7,0,9.6,4.2,cloudy
Notingham,2024-12-10T07:00:00,4.9,91.24,0,10.8,4.8,cloudy
Notingham,2024-12-10T08:00:00,5.2,87.76,0,10.7,13.7,cloudy
Notingham,2024-12-10T09:00:00,5.4,83.79,0,9.8,17.6,cloudy
Notingham,2024-12-10T10:00:00,5.7,80.64,0,10.7,17.6,cloudy
Notingham,2024-12-10T11:00:00,5.7,80.46,0,11.7,17.6,cloudy
Notingham,2024-12-10T12:00:00,6.1,74.42,0,15.9,20.4,cloudy
Notingham,2024-12-10T13:00:00,6.1,73.35,0,13.8,20.4,cloudy
Notingham,2024-12-10T14:00:00,5.9,72.92,0,14,20.4,cloudy
Notingham,2024-12-10T15:00:00,5.6,75.65,0,11.8,20.4,cloudy
Notingham,2024-12-10T16:00:00,5.6,73.12,0,13,23.3,cloudy
Notingham,2024-12-10T17:00:00,5.4,76.58,0,10.6,20.5,cloudy
Notingham,2024-12-10T18:00:00,5.4,74.62,0,12.6,23.3,cloudy
Notingham,2024-12-10T19:00:00,5.2,76.59,0,11.5,26.1,cloudy
Notingham,2024-12-10T20:00:00,5.1,77.81,0,9.4,23.3,cloudy
Notingham,2024-12-10T21:00:00,4.9,78.13,0,9.4,28.8,cloudy
Notingham,2024-12-10T22:00:00,4.9,77.1,0,11.2,26,cloudy
Notingham,2024-12-10T23:00:00,4.9,77.89,0,8.4,23.2,cloudy
Notingham,2024-12-11T00:00:00,5.1,76.94,0,10.2,20.4,cloudy
Notingham,2024-12-11T01:00:00,4.9,77.98,0,8.3,20.4,cloudy
Notingham,2024-12-11T02:00:00,4.9,79.08,0,9.3,20.4,cloudy
Notingham,2024-12-11T03:00:00,4.9,78.1,0,9.2,23.2,cloudy
Notingham,2024-12-11T04:00:00,4.9,78.29,0,7.1,20.4,cloudy
Notingham,2024-12-11T05:00:00,4.8,79.98,0,7,20.4,cloudy
Notingham,2024-12-11T06:00:00,4.9,79.61,0,9.1,20.4,cloudy
Notingham,2024-12-11T07:00:00,4.9,79.68,0,7,17.6,cloudy
Notingham,2024-12-11T08:00:00,4.9,81.84,0,8.3,17.6,cloudy
Notingham,2024-12-11T09:00:00,4.9,80.66,0,8.1,23.2,cloudy
Notingham,2024-12-11T10:00:00,5.2,79.34,0,8.9,23.2,cloudy
Notingham,2024-12-11T11:00:00,5.4,79.7,0,7,17.6,cloudy
Notingham,2024-12-11T12:00:00,5.6,78.53,0,8,26,cloudy
Notingham,2024-12-11T13:00:00,5.6,79.36,0,7,20.4,cloudy
Notingham,2024-12-11T14:00:00,5.7,79.19,0,7,20.3,cloudy
Notingham,2024-12-11T15:00:00,5.6,78.53,0,7,23.2,cloudy
Notingham,2024-12-11T16:00:00,5.4,79.69,0,7,23.2,cloudy
Notingham,2024-12-11T17:00:00,5.4,80.88,0,7,20.4,cloudy
Notingham,2024-12-11T18:00:00,5.2,81.91,0,7,17.5,cloudy
Notingham,2024-12-11T19:00:00,5.1,83.56,0,7,15.9,cloudy
Notingham,2024-12-11T20:00:00,4.8,82.71,0,5.9,17,cloudy
Notingham,2024-12-11T21:00:00,4.6,83.43,0,4.9,20.4,cloudy
Notingham,2024-12-11T22:00:00,4.6,84.67,0,4.8,20.4,cloudy
Notingham,2024-12-11T23:00:00,4.6,85.05,0,4.9,20.2,cloudy
Notingham,2024-12-12T00:00:00,4.2,90.46,0,3.5,14.2,cloudy
Notingham,2024-12-12T01:00:00,4.4,90.3,0,4.7,12.5,cloudy
Notingham,2024-12-12T02:00:00,4.1,95.19,0,2.6,1.7,cloudy
Notingham,2024-12-12T03:00:00,4.4,97.67,0,3.7,1.7,cloudy
Notingham,2024-12-12T04:00:00,4.6,98.55,0,4.9,1.2,cloudy
Notingham,2024-12-12T05:00:00,4.7,99.14,0,2.7,1.2,cloudy
Notingham,2024-12-12T06:00:00,4.9,98.76,0.02,5.9,3.5,cloudy
Notingham,2024-12-12T07:00:00,5.1,98.3,0,4.8,1.2,cloudy
Notingham,2024-12-12T08:00:00,5.2,99.36,0.18,5.9,1.7,cloudy
Notingham,2024-12-12T09:00:00,5.5,99.8,0,6,0.6,fog
Notingham,2024-12-12T10:00:00,5.8,98.92,0,6.1,0.6,fog
Notingham,2024-12-12T11:00:00,6.2,99.99,0,9.3,0.9,cloudy
Notingham,2024-12-12T12:00:00,6.4,99.97,0.011,8.3,0.9,cloudy
Notingham,2024-12-12T13:00:00,6.7,99.52,0.18,9.1,1.6,cloudy
Notingham,2024-12-12T14:00:00,6.9,98.51,0,8.1,9.5,cloudy
Notingham,2024-12-12T15:00:00,6.8,98.29,0,9.1,6.1,cloudy
Notingham,2024-12-12T16:00:00,6.8,96.53,0,7,4.4,cloudy
Notingham,2024-12-12T17:00:00,6.7,97.72,0,8.9,1.6,cloudy
Notingham,2024-12-12T18:00:00,6.4,99.54,0.184,6.9,0.8,cloudy
Notingham,2024-12-12T19:00:00,6.2,99.52,0.18,7,1.4,cloudy
Notingham,2024-12-12T20:00:00,6.2,99.77,0,4.9,2.7,cloudy
Notingham,2024-12-12T21:00:00,6.1,99.34,0.185,6.8,5.6,cloudy
Notingham,2024-12-12T22:00:00,5.9,98.56,0,4.9,10,cloudy
Notingham,2024-12-12T23:00:00,5.9,98.57,0,3.6,8.9,cloudy
Notingham,2024-12-13T00:00:00,5.7,99.31,0.025,5.7,6.2,cloudy
Notingham,2024-12-13T01:00:00,5.7,99.29,0,3.5,3.5,cloudy
Notingham,2024-12-13T02:00:00,5.7,99.3,0,3.5,4.7,cloudy
Notingham,2024-12-13T03:00:00,5.7,99.15,0,3.5,4,cloudy
Notingham,2024-12-13T04:00:00,5.7,98.77,0,3.4,4.1,cloudy
Notingham,2024-12-13T05:00:00,5.6,98.68,0,3.4,3.4,cloudy
Notingham,2024-12-13T06:00:00,5.7,98.58,0,3.4,2.9,cloudy
Notingham,2024-12-13T07:00:00,5.6,97.71,0,3.6,2.9,cloudy
Notingham,2024-12-13T08:00:00,5.5,96.91,0.004,5.8,7.8,cloudy
Notingham,2024-12-13T09:00:00,5.1,97.65,0,2.5,6.1,cloudy
Notingham,2024-12-13T10:00:00,5.1,96.39,0,3.5,7.2,cloudy
Notingham,2024-12-13T11:00:00,5.3,95.17,0,2.4,6.2,cloudy
Notingham,2024-12-13T12:00:00,5.5,92.05,0,1.4,6.7,cloudy
Notingham,2024-12-13T13:00:00,5.5,88.11,0.004,0.2,17.3,cloudy
Notingham,2024-12-13T14:00:00,5.3,91.48,0,1.3,9,cloudy
Notingham,2024-12-13T15:00:00,5.1,91.48,0,1.2,8.4,cloudy
Notingham,2024-12-13T16:00:00,5,93.84,0,0.3,5.5,cloudy
Notingham,2024-12-13T17:00:00,5,92.08,0,0.3,8.3,cloudy
Notingham,2024-12-13T18:00:00,4.8,92.1,0,0.3,6.5,cloudy
Notingham,2024-12-13T19:00:00,4.8,93.46,0,3.5,4.2,cloudy
Notingham,2024-12-13T20:00:00,4.7,93.46,0.004,3.5,3.7,cloudy
Notingham,2024-12-13T21:00:00,4.4,96.45,0.008,3.6,4.2,cloudy
Notingham,2024-12-13T22:00:00,4.4,96.32,0.18,2.7,2.6,cloudy
Notingham,2024-12-13T23:00:00,4.6,96.46,0,4.9,2.7,cloudy
Notingham,2024-12-14T00:00:00,4.5,96.48,0.004,5.1,2.5,cloudy
Notingham,2024-12-14T01:00:00,4.6,94.68,0,6,2.4,cloudy
Notingham,2024-12-14T02:00:00,4.6,96.48,0.004,6,1.9,cloudy
Notingham,2024-12-14T03:00:00,4.7,96.35,0.012,7,2.5,cloudy
Notingham,2024-12-14T04:00:00,4.7,95.75,0,6.1,2.5,cloudy
Notingham,2024-12-14T05:00:00,4.7,96.35,0,6.1,2.5,cloudy
Notingham,2024-12-14T06:00:00,4.9,95.15,0.016,5.2,3.7,cloudy
Notingham,2024-12-14T07:00:00,5.5,89.37,0,6.3,20,cloudy
Notingham,2024-12-14T08:00:00,4.6,87.31,0,7.1,28.4,clear-night
Notingham,2024-12-14T09:00:00,4.1,88.7,0.008,5.2,25.7,clear-day
Notingham,2024-12-14T10:00:00,5.1,83.6,0,5.3,25.9,clear-day
Notingham,2024-12-14T11:00:00,6.2,80.03,0,7.3,23.1,partly-cloudy-day
Notingham,2024-12-14T12:00:00,6.3,79.54,0,8.5,28.7,partly-cloudy-day
Notingham,2024-12-14T13:00:00,7.1,74.69,0,7.5,31.3,cloudy
Notingham,2024-12-14T14:00:00,7.5,74.3,0.016,8.2,28.8,partly-cloudy-day
Notingham,2024-12-14T15:00:00,6.6,79.68,0,8.2,28.5,cloudy
Notingham,2024-12-14T16:00:00,6.4,82.75,0.004,9.2,22.9,cloudy
Notingham,2024-12-14T17:00:00,6.3,86.89,0.039,9.2,16.2,cloudy
Notingham,2024-12-14T18:00:00,6.3,87.01,0.004,10.2,20.1,cloudy
Notingham,2024-12-14T19:00:00,6.5,86.73,0.004,11.4,13.4,cloudy
Notingham,2024-12-14T20:00:00,6.5,86.91,0,10.3,17.3,cloudy
Notingham,2024-12-14T21:00:00,6.2,87.47,0.004,12.5,25.6,cloudy
Notingham,2024-12-14T22:00:00,6.3,86.18,0.004,11.4,17.3,cloudy
Notingham,2024-12-14T23:00:00,6.6,89.64,0,11.6,39.6,cloudy
Notingham,2024-12-15T00:00:00,7.1,89.88,0.004,13.8,39.6,cloudy
Notingham,2024-12-15T01:00:00,7.3,92.16,0,10.9,34,cloudy
Notingham,2024-12-15T02:00:00,7.8,91.98,0,13.1,39.6,cloudy
Notingham,2024-12-15T03:00:00,8.1,93.01,0.004,13.2,36.8,cloudy
Notingham,2024-12-15T04:00:00,8.3,95.09,0.004,15.9,6.6,cloudy
Notingham,2024-12-15T05:00:00,8.5,97.05,0.004,15.1,2.7,cloudy
Notingham,2024-12-15T06:00:00,8.9,96.47,0,13.1,12.2,cloudy
Notingham,2024-12-15T07:00:00,9.3,95.11,0,13.1,10,cloudy
Notingham,2024-12-15T08:00:00,9.8,92.31,0,13.2,22.8,cloudy
Notingham,2024-12-15T09:00:00,9.9,91.6,0,11.8,31.3,cloudy
Notingham,2024-12-15T10:00:00,10.3,90.65,0,10.8,40.4,cloudy
Notingham,2024-12-15T11:00:00,10.7,90.37,0,13.3,39.9,cloudy
Notingham,2024-12-15T12:00:00,11.1,90.4,0,15.2,12.9,cloudy
Notingham,2024-12-15T13:00:00,10.9,93.16,0,13.2,15.3,cloudy
Notingham,2024-12-15T14:00:00,11.2,89.69,0,14.1,39.7,cloudy
Notingham,2024-12-15T15:00:00,11.1,87.58,0,15.1,39.8,cloudy
Notingham,2024-12-15T16:00:00,11.1,87.51,0,10.9,39.9,cloudy
Notingham,2024-12-15T17:00:00,11,86.6,0,10,26,cloudy
Notingham,2024-12-15T18:00:00,10.6,86.89,0,10.1,23.2,cloudy
Notingham,2024-12-15T19:00:00,10.6,87.25,0,13.5,31.4,cloudy
Notingham,2024-12-15T20:00:00,10.8,86.41,0,16.6,37.1,cloudy
Notingham,2024-12-15T21:00:00,11,85.55,0,18.7,39.7,cloudy
Notingham,2024-12-15T22:00:00,10.8,85.72,0.004,16.5,39.7,cloudy
Notingham,2024-12-15T23:00:00,10.6,87.46,0,13.5,39.9,cloudy
Notingham,2024-12-16T00:00:00,10.6,85.79,0,14.3,40.1,cloudy
Notingham,2024-12-16T01:00:00,10.6,85.65,0,14.2,23.2,cloudy
Notingham,2024-12-16T02:00:00,10.6,83,0,13.2,40.1,cloudy
Notingham,2024-12-16T03:00:00,10.4,81.74,0,13.4,40.1,cloudy
Notingham,2024-12-16T04:00:00,10.3,80.71,0,14.5,40.1,cloudy
Notingham,2024-12-16T05:00:00,10.1,80.23,0,14.4,40.1,cloudy
Notingham,2024-12-16T06:00:00,9.8,81.71,0,11.2,40.2,cloudy
Notingham,2024-12-16T07:00:00,9.8,78.92,0,11,40.2,cloudy
Notingham,2024-12-16T08:00:00,9.6,80.03,0,11.8,40.1,cloudy
Notingham,2024-12-16T09:00:00,9.2,85.15,0,13.4,40.1,cloudy
Notingham,2024-12-16T10:00:00,9.6,80.02,0,11,40.1,cloudy
Notingham,2024-12-16T11:00:00,10.2,74.8,0,10.9,37.2,cloudy
Notingham,2024-12-16T12:00:00,10.7,73.34,0,13.3,33,cloudy
Notingham,2024-12-16T13:00:00,11,74.55,0,14.3,28.8,cloudy
Notingham,2024-12-16T14:00:00,10.6,76.15,0,12.3,31.6,cloudy
Notingham,2024-12-16T15:00:00,10.6,76.62,0,12,34.4,cloudy
Notingham,2024-12-16T16:00:00,10.3,76.9,0,11.9,28.8,cloudy
Notingham,2024-12-16T17:00:00,10.1,77.57,0,11.9,31.6,cloudy
Notingham,2024-12-16T18:00:00,9.8,78,0,8.8,31.6,cloudy
Notingham,2024-12-16T19:00:00,9.1,80.02,0,7.7,28.7,partly-cloudy-night
Notingham,2024-12-16T20:00:00,8.6,82.16,0,8.8,25.9,partly-cloudy-night
Notingham,2024-12-16T21:00:00,8,85.14,0,7.7,25.9,clear-night
Notingham,2024-12-16T22:00:00,7.7,87.28,0,8.6,20.3,clear-night
Notingham,2024-12-16T23:00:00,8.1,87.17,0,7.6,20.3,cloudy
Notingham,2024-12-17T00:00:00,8.1,88.59,0.004,8.6,17.4,cloudy
Notingham,2024-12-17T01:00:00,7.4,91.32,0,6.5,16.9,clear-night
Notingham,2024-12-17T02:00:00,6.9,91.86,0,4.4,17.5,clear-night
Notingham,2024-12-17T03:00:00,6.7,93,0,4,15.2,cloudy
Notingham,2024-12-17T04:00:00,5.9,95.28,0,4.1,12.4,cloudy
Notingham,2024-12-17T05:00:00,5.2,94.86,0,4.2,5.2,partly-cloudy-night
Notingham,2024-12-17T06:00:00,5.6,97.96,0,3.9,5.2,partly-cloudy-night
Notingham,2024-12-17T07:00:00,5.4,98.13,0,3.8,3,cloudy
Notingham,2024-12-17T08:00:00,5.9,98.21,0,4,3.6,cloudy
Notingham,2024-12-17T09:00:00,6.2,97.67,0,6.3,4,cloudy
Notingham,2024-12-17T10:00:00,6.5,97.31,0,7.3,5.5,cloudy
Notingham,2024-12-17T11:00:00,7.5,96.02,0,7.5,5,cloudy
Notingham,2024-12-17T12:00:00,8.2,96.26,0,7.7,7.2,cloudy
Notingham,2024-12-17T13:00:00,8.9,94.77,0,9,5.6,cloudy
Notingham,2024-12-17T14:00:00,8.9,94.87,0.004,9,8.6,cloudy
Notingham,2024-12-17T15:00:00,9.3,90.26,0,12,31.6,cloudy
Notingham,2024-12-17T16:00:00,9.1,89.57,0,12.1,23.2,cloudy
Notingham,2024-12-17T17:00:00,8.8,86.29,0,13,25.9,cloudy
Notingham,2024-12-17T18:00:00,8.7,86.49,0,13.4,12.9,cloudy
Notingham,2024-12-17T19:00:00,8.1,90.78,0.363,11.2,9.1,rain
Notingham,2024-12-17T20:00:00,8.1,87.32,0,13.4,17.5,cloudy
Notingham,2024-12-17T21:00:00,8.3,87.16,0.011,14.8,17.5,cloudy
Notingham,2024-12-17T22:00:00,8.6,87.41,0,13.9,16.9,cloudy
Notingham,2024-12-17T23:00:00,9.1,88.36,0,15,14.6,cloudy
Notingham,2024-12-18T00:00:00,9.7,89.51,0,16.9,14,cloudy
Notingham,2024-12-18T01:00:00,10.3,90.31,0,17,17.3,cloudy
Notingham,2024-12-18T02:00:00,11.1,90.38,0,17,31.4,cloudy
Notingham,2024-12-18T03:00:00,11.1,94.6,0,14.9,23,cloudy
Notingham,2024-12-18T04:00:00,11.9,91.98,0,12.3,23.4,cloudy
Notingham,2024-12-18T05:00:00,12.6,87.16,0,13.6,39.9,cloudy
Notingham,2024-12-18T06:00:00,12.8,85.98,0,14.2,39.8,cloudy
Notingham,2024-12-18T07:00:00,12.9,85.58,0,16.3,16.2,cloudy
Notingham,2024-12-18T08:00:00,13,82.35,0.18,18.6,40.1,cloudy
Notingham,2024-12-18T09:00:00,13.1,79.31,0,25.5,,cloudy
Notingham,2024-12-18T10:00:00,13.5,77.27,0,24.2,,cloudy
Notingham,2024-12-18T11:00:00,13.6,76.77,0,22.8,,cloudy
Notingham,2024-12-18T12:00:00,13.1,75.66,0,19.9,,cloudy
Notingham,2024-12-18T13:00:00,12.7,74.58,0,18.6,,cloudy
Notingham,2024-12-18T14:00:00,11.2,85.18,0.004,12.1,3.8,cloudy
Notingham,2024-12-18T15:00:00,11.5,75.75,0,16.1,31.7,cloudy
Notingham,2024-12-18T16:00:00,11.1,74.64,0.004,11.5,25.7,cloudy
Notingham,2024-12-18T17:00:00,9.9,87.04,0.012,9.3,9.5,cloudy
Notingham,2024-12-18T18:00:00,9.4,93,0.506,6.2,7.2,rain
Notingham,2024-12-18T19:00:00,9.2,96.42,3.631,2.8,0.8,rain
Notingham,2024-12-18T20:00:00,9.1,97.99,2.753,1.5,2.9,rain
Notingham,2024-12-18T21:00:00,8.7,97.75,5.149,3.6,3.6,rain
Notingham,2024-12-18T22:00:00,8.4,95.39,0.758,4.8,6.4,rain
Notingham,2024-12-18T23:00:00,7.4,93.47,1.816,10.3,12.8,rain
Notingham,2024-12-19T00:00:00,5.7,91.54,1.518,14.8,4.5,rain
Notingham,2024-12-19T01:00:00,5.2,93.3,1.816,10.9,2.1,rain
Notingham,2024-12-19T02:00:00,4.9,93.31,0.906,8.7,15.9,rain
Notingham,2024-12-19T03:00:00,4.7,90.41,0,8.5,39.8,cloudy
Notingham,2024-12-19T04:00:00,4.8,89.05,0,9.5,39.7,cloudy
Notingham,2024-12-19T05:00:00,5.3,86.1,0.02,8.7,29,cloudy
Notingham,2024-12-19T06:00:00,4.6,82.56,0.136,9.7,40,cloudy
Notingham,2024-12-19T07:00:00,3.9,82.65,0.008,8.7,39.6,cloudy
Notingham,2024-12-19T08:00:00,3.9,82.8,0.004,10.6,39.6,clear-night
Notingham,2024-12-19T09:00:00,3.8,82.21,0.016,8.7,40.1,cloudy
Notingham,2024-12-19T10:00:00,4.2,80.94,0,11.6,39.9,clear-day
Notingham,2024-12-19T11:00:00,4.6,78.88,0,13.1,40.1,partly-cloudy-day
Notingham,2024-12-19T12:00:00,5.1,75.97,0,11.7,37.1,partly-cloudy-day
Notingham,2024-12-19T13:00:00,5.8,70.25,0,11.8,40,clear-day
Notingham,2024-12-19T14:00:00,6.1,64.55,0,12,34.4,clear-day
Notingham,2024-12-19T15:00:00,5.6,68.66,0,8.7,34.4,clear-day
Notingham,2024-12-19T16:00:00,5.1,72.33,0,9.5,31.6,clear-night
Notingham,2024-12-19T17:00:00,4.6,75.48,0,7.3,25.9,clear-night
Notingham,2024-12-19T18:00:00,4.6,76.47,0,9.4,26,clear-night
Notingham,2024-12-19T19:00:00,4,79.49,0,6.3,23.1,clear-night
Notingham,2024-12-19T20:00:00,3.4,84.7,0,5.4,17,partly-cloudy-night
Notingham,2024-12-19T21:00:00,3.3,83.86,0,5.3,17.5,clear-night
Notingham,2024-12-19T22:00:00,3,81.77,0,6.1,17.5,clear-night
Notingham,2024-12-19T23:00:00,3,85.33,0,8.1,14.1,clear-night
Notingham,2024-12-20T00:00:00,3.2,85.7,0,8.1,14.2,clear-night
Notingham,2024-12-20T01:00:00,2.3,91.6,0,4.9,13,clear-night
Notingham,2024-12-20T02:00:00,2.6,92.23,0.004,6.3,15.2,cloudy
Notingham,2024-12-20T03:00:00,3.5,91.86,0,8.4,13,cloudy
Notingham,2024-12-20T04:00:00,3.1,89.31,0,7.4,17.5,cloudy
Notingham,2024-12-20T05:00:00,2.8,88.72,0,6.3,17.5,clear-night
Notingham,2024-12-20T06:00:00,2.6,90,0,6.5,15.9,partly-cloudy-night
Notingham,2024-12-20T07:00:00,2.9,91.15,0,8.5,16.9,partly-cloudy-night
Notingham,2024-12-20T08:00:00,2.9,89.71,0,6.4,17.6,partly-cloudy-night
Notingham,2024-12-20T09:00:00,3.2,90.82,0,6.4,17.6,cloudy
Notingham,2024-12-20T10:00:00,4.4,88.47,0,9.8,20.4,partly-cloudy-day
Notingham,2024-12-20T11:00:00,4.5,88.09,0,10,20.4,partly-cloudy-day
Notingham,2024-12-20T12:00:00,5.7,86.38,0,8.9,26,cloudy
Notingham,2024-12-20T13:00:00,6.2,86.97,0,10.1,23.1,cloudy
Notingham,2024-12-20T14:00:00,6.4,89.84,0.004,11.9,17.3,cloudy
Notingham,2024-12-20T15:00:00,6.8,91.34,0.008,10,6.7,cloudy
Notingham,2024-12-20T16:00:00,6.9,93.27,0.008,6.8,17.3,cloudy
Notingham,2024-12-20T17:00:00,7.4,94.81,0.187,8.9,2.5,cloudy
Notingham,2024-12-20T18:00:00,7.6,93.45,0.012,9.7,3.4,cloudy
Notingham,2024-12-20T19:00:00,7,93.42,0,5.4,14.5,partly-cloudy-night
Notingham,2024-12-20T20:00:00,6.8,94.97,0.004,8.4,6.2,partly-cloudy-night
Notingham,2024-12-20T21:00:00,6.6,90.3,0.007,11.3,11.9,clear-night
Notingham,2024-12-20T22:00:00,6.5,94.3,0.359,8.3,3.5,rain
Notingham,2024-12-20T23:00:00,6.1,91.17,0,9.4,13.6,partly-cloudy-night
Notingham,2024-12-21T00:00:00,5.4,90.04,0,8.7,16.9,partly-cloudy-night
Notingham,2024-12-21T01:00:00,5.6,90.1,0,10.5,17.5,cloudy
Notingham,2024-12-21T02:00:00,5.7,90.03,0,9.6,16.9,cloudy
Notingham,2024-12-21T03:00:00,5.7,91.11,0,7.6,14.2,cloudy
Notingham,2024-12-21T04:00:00,5.9,89.73,0,8.9,16.9,cloudy
Notingham,2024-12-21T05:00:00,6.4,88.29,0,10.8,16.9,cloudy
Notingham,2024-12-21T06:00:00,7,84.91,0,15.2,20.3,cloudy
Notingham,2024-12-21T07:00:00,7.3,84.6,0,14.3,20.1,cloudy
Notingham,2024-12-21T08:00:00,6.4,92.77,0.187,12.4,5.5,cloudy
Notingham,2024-12-21T09:00:00,7.4,91.5,0.004,13.8,26.2,cloudy
Notingham,2024-12-21T10:00:00,8.9,88.33,0,15.6,39.6,cloudy
Notingham,2024-12-21T11:00:00,9.6,91.75,0.016,14.7,25.7,cloudy
Notingham,2024-12-21T12:00:00,11.8,75.33,0,16.8,23.2,clear-day
Notingham,2024-12-21T13:00:00,12.1,63.79,0,17.5,17.5,partly-cloudy-day
Notingham,2024-12-21T14:00:00,11,59.37,0,12.3,12.4,cloudy
Notingham,2024-12-21T15:00:00,10.1,60.8,0,18.2,10.2,clear-day
Notingham,2024-12-21T16:00:00,9.6,58.05,0,20.5,13,clear-night
Notingham,2024-12-21T17:00:00,8.6,68.73,0.004,14,11.9,clear-night
Notingham,2024-12-21T18:00:00,8.4,72.02,0,14.3,17.5,clear-night
Notingham,2024-12-21T19:00:00,8,69.12,0,19.4,20.4,partly-cloudy-night
Notingham,2024-12-21T20:00:00,7.2,78.19,0,14.4,17.3,cloudy
Notingham,2024-12-21T21:00:00,6.6,79.29,0.012,17.4,20.4,partly-cloudy-night
Notingham,2024-12-21T22:00:00,6.5,75.8,0,10.1,23.2,cloudy
Notingham,2024-12-21T23:00:00,5.9,72.69,0,14.5,20.4,partly-cloudy-night
Notingham,2024-12-22T00:00:00,6.1,64.93,0,16.3,20.3,partly-cloudy-night
Notingham,2024-12-22T01:00:00,5.8,67.91,0.008,16.2,23.1,cloudy
Notingham,2024-12-22T02:00:00,4.6,80.86,0.02,11.6,10.2,partly-cloudy-night
Notingham,2024-12-22T03:00:00,3,88.47,0.918,15.3,37.1,rain
Notingham,2024-12-22T04:00:00,3.2,86.33,0.367,15.4,25.8,rain
Notingham,2024-12-22T05:00:00,2.9,87.89,0.375,13.5,9.1,rain
Notingham,2024-12-22T06:00:00,2.1,88.19,0.047,15.3,31.5,clear-night
Notingham,2024-12-22T07:00:00,2.1,90.14,0.371,12.4,2.4,rain
Notingham,2024-12-22T08:00:00,2.5,88.42,0.543,16.4,4.9,rain
Notingham,2024-12-22T09:00:00,2.3,89.92,0.359,15.6,3.9,rain
Notingham,2024-12-22T10:00:00,2.5,88.7,0.004,15.2,25.7,partly-cloudy-day
Notingham,2024-12-22T11:00:00,3.2,89,0.558,12.2,25.9,rain
Notingham,2024-12-22T12:00:00,3.4,87.11,0.073,13.5,17.3,cloudy
Notingham,2024-12-22T13:00:00,3.8,86.93,0.039,16.4,9,cloudy
Notingham,2024-12-22T14:00:00,5.3,82.55,0.008,11.1,22.9,cloudy
Notingham,2024-12-22T15:00:00,6.3,74.57,0.016,16.2,12.3,cloudy
Notingham,2024-12-22T16:00:00,6.6,69.08,0.004,20.1,8.4,partly-cloudy-night
Notingham,2024-12-22T17:00:00,6.8,61.45,0,21.2,8.4,cloudy
Notingham,2024-12-22T18:00:00,6.8,60.35,0.004,21.3,7.9,cloudy
Notingham,2024-12-22T19:00:00,6.6,59.35,0,20.3,7.9,cloudy
Notingham,2024-12-22T20:00:00,6.4,60,0,19,8.5,clear-night
Notingham,2024-12-22T21:00:00,6.1,57.07,0,17.7,9.6,clear-night
Notingham,2024-12-22T22:00:00,6,56.01,0,14.4,10.8,clear-night
Notingham,2024-12-22T23:00:00,5.8,52.37,0,15.2,14.1,clear-night
Notingham,2024-12-23T00:00:00,5.5,54.15,0,15.2,13.6,clear-night
Notingham,2024-12-23T01:00:00,5.3,54.69,0,14.2,14.1,clear-night
Notingham,2024-12-23T02:00:00,5.1,55.56,0,15.1,14.7,clear-night
Notingham,2024-12-23T03:00:00,4.8,58.87,0,15,14.1,clear-night
Notingham,2024-12-23T04:00:00,4.3,62.07,0,10.6,14.1,clear-night
Notingham,2024-12-23T05:00:00,4.3,63.05,0,10.7,14.1,clear-night
Notingham,2024-12-23T06:00:00,3.8,65.3,0,7.5,14.7,clear-night
Notingham,2024-12-23T07:00:00,3.3,66.69,0,6.5,15.3,clear-night
Notingham,2024-12-23T08:00:00,2.7,68.36,0,6.3,15.2,clear-night
Notingham,2024-12-23T09:00:00,2.7,68.34,0,6.2,15.2,cloudy
Notingham,2024-12-23T10:00:00,4,66.93,0,6.2,14.1,cloudy
Notingham,2024-12-23T11:00:00,4.4,74.7,0,7,11.9,cloudy
Notingham,2024-12-23T12:00:00,5.1,82.5,0,7.1,10.1,cloudy
Notingham,2024-12-23T13:00:00,4.9,88,0,6.2,8.4,cloudy
Notingham,2024-12-23T14:00:00,4.9,92.5,0.184,6.3,4.7,cloudy
Notingham,2024-12-23T15:00:00,4.9,92.98,0,5.3,12.5,cloudy
Notingham,2024-12-23T16:00:00,5,89.89,0,3.9,15.1,cloudy
Notingham,2024-12-23T17:00:00,5,90.67,0,2.8,11.2,cloudy
Notingham,2024-12-23T18:00:00,5.1,92.8,0.194,7,3,cloudy
Notingham,2024-12-23T19:00:00,5,95.26,0.191,5,0.7,cloudy
Notingham,2024-12-23T20:00:00,4.9,98.33,0.367,3.9,1.3,rain
Notingham,2024-12-23T21:00:00,5.1,97.94,0.037,5.2,0.9,cloudy
Notingham,2024-12-23T22:00:00,5.6,99.15,0.004,8.1,2.6,cloudy
Notingham,2024-12-23T23:00:00,6,98.57,0.008,6.1,1.9,cloudy
Notingham,2024-12-24T00:00:00,6.7,99.57,0.09,8.3,2.4,cloudy
Notingham,2024-12-24T01:00:00,7.1,98.55,0.004,7.3,0.7,cloudy
Notingham,2024-12-24T02:00:00,7.7,99.8,0,8.3,0.8,cloudy
Notingham,2024-12-24T03:00:00,8.7,99.44,0.004,8.3,1.4,cloudy
Notingham,2024-12-24T04:00:00,9.3,100,0,8.4,2,cloudy
Notingham,2024-12-24T05:00:00,9.6,98.98,0,9.4,2,cloudy
Notingham,2024-12-24T06:00:00,9.6,98.61,0,6.5,2.6,cloudy
Notingham,2024-12-24T07:00:00,9.7,99.18,0,6.5,1.5,cloudy
Notingham,2024-12-24T08:00:00,9.7,99.87,0,7.5,2.2,cloudy
Notingham,2024-12-24T09:00:00,10.1,99.67,0.006,8.3,4.4,cloudy
Notingham,2024-12-24T10:00:00,10.4,99.58,0,9.6,4.4,cloudy
Notingham,2024-12-24T11:00:00,10.9,98.27,0,11.6,8.4,cloudy
Notingham,2024-12-24T12:00:00,11.2,97.69,0,11.8,4.6,cloudy
Notingham,2024-12-24T13:00:00,11.8,95.41,0,11.5,9.9,cloudy
Notingham,2024-12-24T14:00:00,11.8,92.6,0,11.5,31.6,cloudy
Notingham,2024-12-24T15:00:00,11.8,90.7,0,10.5,37.1,partly-cloudy-day
Notingham,2024-12-24T16:00:00,11.1,90.81,0,8.2,34.3,clear-night
Notingham,2024-12-24T17:00:00,10.5,92.62,0,11.2,28.6,clear-night
Notingham,2024-12-24T18:00:00,9.9,93.53,0,7.3,20.3,partly-cloudy-night
Notingham,2024-12-24T19:00:00,9.7,94.84,0,6.4,17.5,cloudy
Notingham,2024-12-24T20:00:00,9.1,95.23,0,4.3,7.2,partly-cloudy-night
Notingham,2024-12-24T21:00:00,9.2,97.54,0,6.4,9.4,cloudy
Notingham,2024-12-24T22:00:00,9.3,96.61,0,6.2,6,cloudy
Notingham,2024-12-24T23:00:00,8.9,96.6,0,6.3,2.5,cloudy
Notingham,2024-12-25T00:00:00,8.6,97.05,0,4.3,1.3,cloudy
Notingham,2024-12-25T01:00:00,8.6,98.37,0,8.7,2.5,cloudy
Notingham,2024-12-25T02:00:00,8.6,97.18,0,6.6,3.8,cloudy
Notingham,2024-12-25T03:00:00,8.2,97.64,0,6.5,2.7,cloudy
Notingham,2024-12-25T04:00:00,8.3,98.79,0,6.7,5,cloudy
Notingham,2024-12-25T05:00:00,8.3,97.97,0,6.4,6.1,cloudy
Notingham,2024-12-25T06:00:00,7.9,95.4,0,8.5,9.4,cloudy
Notingham,2024-12-25T07:00:00,7.7,96.44,0,6,8.3,cloudy
Notingham,2024-12-25T08:00:00,7.6,95.19,0,6.2,13.9,cloudy
Notingham,2024-12-25T09:00:00,7.2,96.42,0,2.8,13.9,cloudy
Notingham,2024-12-25T10:00:00,7.4,96.43,0,4,15,partly-cloudy-day
Notingham,2024-12-25T11:00:00,8.2,94.48,0,7.2,17.4,cloudy
Notingham,2024-12-25T12:00:00,10.6,84.97,0,10.4,37.1,cloudy
Notingham,2024-12-25T13:00:00,11.2,83.34,0,10.3,39.9,cloudy
Notingham,2024-12-25T14:00:00,11.5,81.84,0,9.2,39.8,cloudy
Notingham,2024-12-25T15:00:00,10.7,84.95,0,9.1,39.8,cloudy
Notingham,2024-12-25T16:00:00,10.2,88.03,0,9,39.8,cloudy
Notingham,2024-12-25T17:00:00,9.5,90.89,0,7,39.7,cloudy
Notingham,2024-12-25T18:00:00,9.2,92.44,0,5.1,25.8,cloudy
Notingham,2024-12-25T19:00:00,8.7,93.75,0,4.9,12.3,cloudy
Notingham,2024-12-25T20:00:00,8.3,96.86,0,5.9,4.9,cloudy
Notingham,2024-12-25T21:00:00,8.1,97.77,0,5,3.2,cloudy
Notingham,2024-12-25T22:00:00,8.1,97.17,0,4.9,0.8,cloudy
Notingham,2024-12-25T23:00:00,7.9,98.76,0,6,0.1,fog
Notingham,2024-12-26T00:00:00,8.1,98.59,0,4.8,0,cloudy
Notingham,2024-12-26T01:00:00,8.1,98.59,0,5.8,0,cloudy
Notingham,2024-12-26T02:00:00,8,98.79,0,6.9,1.2,cloudy
Notingham,2024-12-26T03:00:00,7.6,98.78,0,4.9,0,cloudy
Notingham,2024-12-26T04:00:00,7.4,100,0.004,4.9,0,cloudy
Notingham,2024-12-26T05:00:00,7.2,99.77,0,3.5,0,cloudy
Notingham,2024-12-26T06:00:00,6.9,99.77,0,4.7,0,cloudy
Notingham,2024-12-26T07:00:00,6.7,99.57,0,3.5,0,cloudy
Notingham,2024-12-26T08:00:00,6.5,98.77,0.18,3.5,0,cloudy
Notingham,2024-12-26T09:00:00,6.1,100,0.007,3.6,0,cloudy
Notingham,2024-12-26T10:00:00,5.9,100,0,4.7,0.2,fog
Notingham,2024-12-26T11:00:00,5.9,99.8,0,2.4,0,cloudy
Notingham,2024-12-26T12:00:00,5.8,100,0.006,3.4,0.2,fog
Notingham,2024-12-26T13:00:00,5.9,100,0,3.4,0.1,fog
Notingham,2024-12-26T14:00:00,5.8,100,0,4.6,0,cloudy
Notingham,2024-12-26T15:00:00,5.7,99.57,0,3.5,0,cloudy
Notingham,2024-12-26T16:00:00,5.7,99.8,0,4.5,0,cloudy
Notingham,2024-12-26T17:00:00,5.2,100,0,4.7,0,cloudy
Notingham,2024-12-26T18:00:00,5,99.77,0,3.6,0.7,cloudy
Notingham,2024-12-26T19:00:00,4.8,99.55,0,3.5,0.7,cloudy
Notingham,2024-12-26T20:00:00,4.7,99.52,0,3.6,0.7,cloudy
Notingham,2024-12-26T21:00:00,4.7,99.22,0.007,2.6,0.7,cloudy
Notingham,2024-12-26T22:00:00,4.2,99.82,0,3.6,0.4,fog
Notingham,2024-12-26T23:00:00,3.9,99.73,0.18,5.9,0.2,fog
Notingham,2024-12-27T00:00:00,4.1,99.97,0.008,4.7,0.1,fog
Notingham,2024-12-27T01:00:00,3.9,99.94,0,3.5,0,cloudy
Notingham,2024-12-27T02:00:00,3.8,99.56,0,5.8,0.1,fog
Notingham,2024-12-27T03:00:00,3.6,99.55,0,4.7,0,cloudy
Notingham,2024-12-27T04:00:00,3.2,100,0,4.9,0,cloudy
Notingham,2024-12-27T05:00:00,3,100,0,5.8,0,cloudy
Notingham,2024-12-27T06:00:00,2.8,100,0.006,5.8,0.1,fog
Notingham,2024-12-27T07:00:00,2.8,100,0,4.8,0,cloudy
Notingham,2024-12-27T08:00:00,2.1,99.97,0.18,6.7,0,cloudy
Notingham,2024-12-27T09:00:00,1.9,100,0.007,5.9,0,cloudy
Notingham,2024-12-27T10:00:00,1.9,100,0,6.7,0,cloudy
Notingham,2024-12-27T11:00:00,2.2,100,0,5.7,0,cloudy
Notingham,2024-12-27T12:00:00,2.7,100,0,5.7,0.2,fog
Notingham,2024-12-27T13:00:00,3.1,99.78,0.004,4.7,0.2,fog
Notingham,2024-12-27T14:00:00,3.2,99.56,0,3.4,0.2,fog
Notingham,2024-12-27T15:00:00,3.2,99.52,0,4.6,0,cloudy
Notingham,2024-12-27T16:00:00,2.8,99.83,0,5.7,0,cloudy
Notingham,2024-12-27T17:00:00,3,99.7,0,4.8,0,cloudy
Notingham,2024-12-27T18:00:00,2.8,99.71,0.006,5.8,0,cloudy
Notingham,2024-12-27T19:00:00,2.6,100,0,3.5,0,cloudy
Notingham,2024-12-27T20:00:00,2.3,99.79,0,3.5,0,cloudy
Notingham,2024-12-27T21:00:00,2.1,100,0.004,4.8,0,cloudy
Notingham,2024-12-27T22:00:00,2.1,100,0,4.8,0,cloudy
Notingham,2024-12-27T23:00:00,2,100,0,6.8,0,cloudy
Notingham,2024-12-28T00:00:00,2,100,0.186,5.8,0,cloudy
Notingham,2024-12-28T01:00:00,1.6,99.76,0.004,6.8,0,cloudy
Notingham,2024-12-28T02:00:00,1.6,99.79,0,6.8,0,cloudy
Notingham,2024-12-28T03:00:00,1.6,100,0,5.8,0,cloudy
Notingham,2024-12-28T04:00:00,1.6,100,0,5.8,0,cloudy
Notingham,2024-12-28T05:00:00,1.4,100,0,4.8,0,cloudy
Notingham,2024-12-28T06:00:00,1.4,100,0.006,7,0,cloudy
Notingham,2024-12-28T07:00:00,1.7,100,0,4.9,0,cloudy
Notingham,2024-12-28T08:00:00,2,100,0.004,4.8,1.1,cloudy
Notingham,2024-12-28T09:00:00,2.2,99.76,0,4.9,0,cloudy
Notingham,2024-12-28T10:00:00,2.8,99.79,0,6,0,cloudy
Notingham,2024-12-28T11:00:00,3.1,99.77,0,4.9,0,cloudy
Notingham,2024-12-28T12:00:00,3.4,100,0.007,6.9,0,cloudy
Notingham,2024-12-28T13:00:00,3.6,100,0,6,0,cloudy
Notingham,2024-12-28T14:00:00,3.9,100,0.004,6,1.2,cloudy
Notingham,2024-12-28T15:00:00,4.4,99.79,0,6.1,1.2,cloudy
Notingham,2024-12-28T16:00:00,4.3,100,0.004,6.1,2.3,cloudy
Notingham,2024-12-28T17:00:00,4.5,100,0,5.1,1.9,cloudy
Notingham,2024-12-28T18:00:00,4.7,99.8,0.004,3.9,1.9,cloudy
Notingham,2024-12-28T19:00:00,4.7,100,0,4.9,2.5,cloudy
Notingham,2024-12-28T20:00:00,4.7,99.77,0,7.1,1.9,cloudy
Notingham,2024-12-28T21:00:00,4.6,99.8,0,8.2,1.9,cloudy
Notingham,2024-12-28T22:00:00,5,100,0,8.4,1.4,cloudy
Notingham,2024-12-28T23:00:00,5.1,99.8,0,8.1,1.3,cloudy
Notingham,2024-12-29T00:00:00,4.8,99.8,0.004,9.3,1.9,cloudy
Notingham,2024-12-29T01:00:00,4.7,99.8,0,7.2,1.2,cloudy
Notingham,2024-12-29T02:00:00,4.7,100,0,10.5,1.4,cloudy
Notingham,2024-12-29T03:00:00,4.9,100,0,10.4,2.7,cloudy
Notingham,2024-12-29T04:00:00,4.9,100,0,7.5,2.7,cloudy
Notingham,2024-12-29T05:00:00,5.1,100,0,11.4,5.5,cloudy
Notingham,2024-12-29T06:00:00,5.1,100,0,9.4,4.9,cloudy
Notingham,2024-12-29T07:00:00,5.1,100,0,6.2,4.9,cloudy
Notingham,2024-12-29T08:00:00,4.7,100,0,6.1,4,partly-cloudy-night
Notingham,2024-12-29T09:00:00,4.6,99.8,0.006,7.1,3.5,cloudy
Notingham,2024-12-29T10:00:00,5.7,99.15,0,11.5,6.2,cloudy
Notingham,2024-12-29T11:00:00,7.1,97.11,0.18,10.3,13.7,partly-cloudy-day
Notingham,2024-12-29T12:00:00,8.3,90.49,0,9.8,26,partly-cloudy-day
Notingham,2024-12-29T13:00:00,8.8,81.69,0,14,31.6,partly-cloudy-day
Notingham,2024-12-29T14:00:00,9.5,81.89,0,11.6,31.6,cloudy
Notingham,2024-12-29T15:00:00,8.6,82.89,0,11.7,26,cloudy
Notingham,2024-12-29T16:00:00,8.3,82.75,0,9.3,28.7,cloudy
Notingham,2024-12-29T17:00:00,8.1,84.59,0,9.4,28.8,cloudy
Notingham,2024-12-29T18:00:00,7.8,86.18,0.004,10.5,39.9,partly-cloudy-night
Notingham,2024-12-29T19:00:00,7.3,88.33,0,10.4,37.3,partly-cloudy-night
Notingham,2024-12-29T20:00:00,7.2,89.27,0,11.6,37.2,partly-cloudy-night
Notingham,2024-12-29T21:00:00,7.3,88.93,0,10.6,31.6,partly-cloudy-night
Notingham,2024-12-29T22:00:00,7.3,87.16,0,10.6,39.9,clear-night
Notingham,2024-12-29T23:00:00,7.4,86.98,0,9.6,39.9,partly-cloudy-night
Notingham,2024-12-30T00:00:00,8,83.46,0,9.6,39.9,cloudy
Notingham,2024-12-30T01:00:00,8,82.4,0,9.5,37.1,cloudy
Notingham,2024-12-30T02:00:00,8.2,80.92,0,11.7,39.9,cloudy
Notingham,2024-12-30T03:00:00,8.3,80.73,0,13,40.1,partly-cloudy-night
Notingham,2024-12-30T04:00:00,7.7,85.2,0,13.1,40.1,cloudy
Notingham,2024-12-30T05:00:00,7.8,84.14,0,12,40.1,cloudy
Notingham,2024-12-30T06:00:00,7.5,85.97,0,11.7,39.9,cloudy
Notingham,2024-12-30T07:00:00,7,87.69,0,11.7,40.1,partly-cloudy-night
Notingham,2024-12-30T08:00:00,6.7,89.49,0,14.1,40.1,partly-cloudy-night
Notingham,2024-12-30T09:00:00,6.9,88.28,0,13.3,40.2,partly-cloudy-day
Notingham,2024-12-30T10:00:00,6.9,88.42,0,13.3,40.1,partly-cloudy-day
Notingham,2024-12-30T11:00:00,7.9,84.05,0,14.5,40.2,cloudy
Notingham,2024-12-30T12:00:00,9,78.71,0,14.7,40.2,partly-cloudy-day
Notingham,2024-12-30T13:00:00,9.3,76.29,0,15.7,40.2,partly-cloudy-day
Notingham,2024-12-30T14:00:00,9.8,73.78,0,15.5,40.3,clear-day
Notingham,2024-12-30T15:00:00,9.3,74.87,0,16.5,40.1,clear-day
Notingham,2024-12-30T16:00:00,8.5,77.83,0,15.3,40.1,clear-night
Notingham,2024-12-30T17:00:00,8.1,80.25,0,15.1,39.9,clear-night
Notingham,2024-12-30T18:00:00,7.8,81.9,0,10.8,40,cloudy
Notingham,2024-12-30T19:00:00,7.6,82.93,0,9.1,40.1,cloudy
Notingham,2024-12-30T20:00:00,7.5,83.43,0,7.8,40.1,cloudy
Notingham,2024-12-30T21:00:00,7.6,84.38,0,7.6,40.2,cloudy
Notingham,2024-12-30T22:00:00,7.5,87.15,0,9.7,29.1,cloudy
Notingham,2024-12-30T23:00:00,7.6,86.96,0,9,40.2,cloudy
Notingham,2024-12-31T00:00:00,8.1,83.63,0,11.9,40.2,cloudy
Notingham,2024-12-31T01:00:00,8.1,84.37,0,14.3,40.2,cloudy
Notingham,2024-12-31T02:00:00,8.1,84.35,0,14.3,40.1,cloudy
Notingham,2024-12-31T03:00:00,8.3,81.53,0,14.4,40.1,cloudy
Notingham,2024-12-31T04:00:00,8.3,83.34,0,12.2,40.1,cloudy
Notingham,2024-12-31T05:00:00,8.1,85.8,0,13.2,40.2,cloudy
Notingham,2024-12-31T06:00:00,8.1,85.55,0,16.2,40.2,cloudy
Notingham,2024-12-31T07:00:00,8.1,85.6,0,15.4,40.2,cloudy
Notingham,2024-12-31T08:00:00,7.9,85.67,0,13.3,40.2,partly-cloudy-night
Notingham,2024-12-31T09:00:00,7.9,88.72,0,13.5,40.1,cloudy
Notingham,2024-12-31T10:00:00,8.2,88.89,0,13.8,40.1,cloudy
Notingham,2024-12-31T11:00:00,8.7,83.67,0,12.7,40.1,cloudy
Notingham,2024-12-31T12:00:00,9.4,80.01,0,13.2,37.3,cloudy
Notingham,2024-12-31T13:00:00,9.9,77,0,18.2,40,cloudy
Notingham,2024-12-31T14:00:00,10.1,75.97,0,19.4,37.2,cloudy
Notingham,2024-12-31T15:00:00,10.1,74.77,0,17.2,34.4,cloudy
Notingham,2024-12-31T16:00:00,10.6,73.56,0,19.5,34.5,cloudy
Notingham,2024-12-31T17:00:00,10.6,75.73,0,20.8,31.5,cloudy
Notingham,2024-12-31T18:00:00,10.6,76.2,0,20.8,31.3,cloudy
Notingham,2024-12-31T19:00:00,10.8,77.85,0.004,19.4,28.5,cloudy
Notingham,2024-12-31T20:00:00,10.6,81.54,0.012,19.6,7.3,cloudy
Notingham,2024-12-31T21:00:00,10.1,88.23,0.016,19.7,7.4,cloudy
Notingham,2024-12-31T22:00:00,10.4,87.7,0.195,20.9,5.6,cloudy
Notingham,2024-12-31T23:00:00,10.1,91.14,0.398,18.7,3.9,rain