model,seed,period,horizon_min,horizon_label,n,MAE,RMSE,WMAPE,MAPE,mape_excluded
B0,0,all,15,15min,628205,1.69358432,2.55935431,7.71618843,9.20631313,39
B0,0,all,30,30min,629026,1.75069118,2.65001130,7.97750044,9.54290676,37
B0,0,all,45,45min,629756,1.80404353,2.72094488,8.22114754,9.82922459,34
B0,0,all,60,60min,630423,1.85880983,2.79046965,8.47119808,10.12694740,35
B0,0,all,-1,mean,2517410,1.77686274,2.68167496,8.09684944,9.67679691,145
B0,0,am_peak,15,15min,88344,1.65850449,2.45837998,7.95347977,9.28322029,1
B0,0,am_peak,30,30min,88344,1.79871297,2.65490150,8.62586021,10.04881668,1
B0,0,am_peak,45,45min,88344,1.93925500,2.82384181,9.29983902,10.78348351,1
B0,0,am_peak,60,60min,88344,2.08768845,3.00755286,10.01166248,11.58004475,1
B0,0,am_peak,-1,mean,353376,1.87104034,2.74370146,8.97271061,10.42389107,4
B0,0,inter_peak,15,15min,176687,1.40580916,2.11898708,6.74166107,7.98602390,5
B0,0,inter_peak,30,30min,176687,1.44215643,2.18208671,6.91596699,8.21551800,5
B0,0,inter_peak,45,45min,176687,1.47320557,2.22503471,7.06486464,8.40162754,5
B0,0,inter_peak,60,60min,176687,1.50633991,2.26800871,7.22376347,8.58515930,5
B0,0,inter_peak,-1,mean,706748,1.45687783,2.19921851,6.98656464,8.29708290,20
B0,0,pm_peak,15,15min,87655,1.70871210,2.68915677,8.50148678,10.61815357,3
B0,0,pm_peak,30,30min,87655,1.81175840,2.89141965,9.01418114,11.34495926,3
B0,0,pm_peak,45,45min,87655,1.88620877,3.02260900,9.38459969,11.84127808,3
B0,0,pm_peak,60,60min,87655,1.94919944,3.13482761,9.69800186,12.28993607,3
B0,0,pm_peak,-1,mean,350620,1.83896959,2.93918276,9.14956665,11.52358246,12
B0,0,off_peak,15,15min,275519,1.88456666,2.79592252,7.98848724,9.51506805,30
B0,0,off_peak,30,30min,276340,1.91324008,2.83471584,8.11413288,9.65828037,28
B0,0,off_peak,45,45min,277070,1.94591212,2.87012267,8.25533390,9.79879093,25
B0,0,off_peak,60,60min,277737,1.98170888,2.90235996,8.40959358,9.96291161,26
B0,0,off_peak,-1,mean,1106666,1.93146491,2.85117507,8.19229221,9.73425770,109
B0,1,all,15,15min,628205,1.69294024,2.55782104,7.71325397,9.27793503,39
B0,1,all,30,30min,629026,1.74693215,2.64710426,7.96037149,9.62393665,37
B0,1,all,45,45min,629756,1.79839492,2.71693587,8.19540501,9.91575527,34
B0,1,all,60,60min,630423,1.85107422,2.78541803,8.43594360,10.22288036,35
B0,1,all,-1,mean,2517410,1.77241254,2.67825842,8.07657051,9.76058674,145
B0,1,am_peak,15,15min,88344,1.65776277,2.46345019,7.94992208,9.35789585,1
B0,1,am_peak,30,30min,88344,1.79529095,2.66175199,8.60944939,10.15487671,1
B0,1,am_peak,45,45min,88344,1.93891203,2.84011650,9.29819489,10.93693352,1
B0,1,am_peak,60,60min,88344,2.08728027,3.02734923,10.00970554,11.76118660,1
B0,1,am_peak,-1,mean,353376,1.86981153,2.75611210,8.96681786,10.55272293,4
B0,1,inter_peak,15,15min,176687,1.40471411,2.12300086,6.73640966,8.04042339,5
B0,1,inter_peak,30,30min,176687,1.43893087,2.18862033,6.90049839,8.28687572,5
B0,1,inter_peak,45,45min,176687,1.46876395,2.22710466,7.04356527,8.48177528,5
B0,1,inter_peak,60,60min,176687,1.50005078,2.26361942,7.19360352,8.67157650,5
B0,1,inter_peak,-1,mean,706748,1.45311487,2.20120192,6.96851826,8.37016296,20
B0,1,pm_peak,15,15min,87655,1.70514643,2.67374754,8.48374557,10.68620205,3
B0,1,pm_peak,30,30min,87655,1.80797911,2.88148618,8.99537754,11.46274376,3
B0,1,pm_peak,45,45min,87655,1.87614548,3.01622939,9.33453083,11.98536968,3
B0,1,pm_peak,60,60min,87655,1.93543112,3.12818694,9.62949944,12.46877575,3
B0,1,pm_peak,-1,mean,350620,1.83117545,2.92980719,9.11078835,11.65077209,12
B0,1,off_peak,15,15min,275519,1.88517201,2.79404140,7.99105310,9.59789276,30
B0,1,off_peak,30,30min,276340,1.90903914,2.82645512,8.09631729,9.72583103,28
B0,1,off_peak,45,45min,277070,1.93919861,2.85744166,8.22685242,9.84984303,25
B0,1,off_peak,60,60min,277737,1.97262681,2.88921022,8.37105274,10.01162529,26
B0,1,off_peak,-1,mean,1106666,1.92660630,2.84211302,8.17168427,9.79675293,109
B0,2,all,15,15min,628205,1.69000292,2.55814886,7.69987106,9.19377613,39
B0,2,all,30,30min,629026,1.74610865,2.65438509,7.95661879,9.53484440,37
B0,2,all,45,45min,629756,1.79666388,2.72395301,8.18751717,9.81878567,34
B0,2,all,60,60min,630423,1.84533286,2.78579164,8.40977859,10.09841919,35
B0,2,all,-1,mean,2517410,1.76960289,2.68201470,8.06376743,9.66189766,145
B0,2,am_peak,15,15min,88344,1.64749479,2.44609237,7.90068197,9.28678417,1
B0,2,am_peak,30,30min,88344,1.77723265,2.62478328,8.52284908,10.00909901,1
B0,2,am_peak,45,45min,88344,1.90984428,2.78197956,9.15879726,10.70495033,1
B0,2,am_peak,60,60min,88344,2.04602098,2.95517635,9.81184292,11.44792366,1
B0,2,am_peak,-1,mean,353376,1.84514809,2.70856667,8.84854317,10.36218739,4
B0,2,inter_peak,15,15min,176687,1.40070188,2.11235142,6.71716833,7.96327686,5
B0,2,inter_peak,30,30min,176687,1.43574858,2.18265104,6.88523722,8.20493221,5
B0,2,inter_peak,45,45min,176687,1.46780908,2.22699666,7.03898573,8.41482925,5
B0,2,inter_peak,60,60min,176687,1.49743903,2.26360512,7.18107796,8.59765434,5
B0,2,inter_peak,-1,mean,706748,1.45042467,2.19712424,6.95561790,8.29517365,20
B0,2,pm_peak,15,15min,87655,1.70103562,2.68541265,8.46329308,10.57998276,3
B0,2,pm_peak,30,30min,87655,1.80556262,2.89010596,8.98335457,11.33271599,3
B0,2,pm_peak,45,45min,87655,1.87656772,3.01208019,9.33663177,11.83418751,3
B0,2,pm_peak,60,60min,87655,1.93929327,3.12917352,9.64871502,12.30362415,3
B0,2,pm_peak,-1,mean,350620,1.83061469,2.93379068,9.10799789,11.51262856,12
B0,2,off_peak,15,15min,275519,1.88564801,2.80122304,7.99307060,9.51207161,30
B0,2,off_peak,30,30min,276340,1.91573834,2.85308504,8.12472820,9.66327667,28
B0,2,off_peak,45,45min,277070,1.94500756,2.89209056,8.25149727,9.79392910,25
B0,2,off_peak,60,60min,277737,1.97316074,2.91336513,8.37331963,9.92791176,26
B0,2,off_peak,-1,mean,1106666,1.92998612,2.86538458,8.18601894,9.72475815,109
B1,0,all,15,15min,628205,1.66336560,2.52386284,7.57850838,9.05014992,39
B1,0,all,30,30min,629026,1.71308541,2.60431075,7.80613947,9.34811401,37
B1,0,all,45,45min,629756,1.75968468,2.66431642,8.01900005,9.60319519,34
B1,0,all,60,60min,630423,1.80700040,2.72454119,8.23508549,9.86105537,35
B1,0,all,-1,mean,2517410,1.73585391,2.63040233,7.90997982,9.46602535,145
B1,0,am_peak,15,15min,88344,1.62007535,2.42075682,7.76918983,9.13279533,1
B1,0,am_peak,30,30min,88344,1.74674547,2.58913255,8.37664604,9.78474045,1
B1,0,am_peak,45,45min,88344,1.87456226,2.74039078,8.98960018,10.39833832,1
B1,0,am_peak,60,60min,88344,2.01576900,2.91482067,9.66676807,11.11137199,1
B1,0,am_peak,-1,mean,353376,1.81428814,2.67252660,8.70055103,10.10681057,4
B1,0,inter_peak,15,15min,176687,1.38073242,2.08929992,6.62140322,7.82908964,5
B1,0,inter_peak,30,30min,176687,1.40974891,2.14454913,6.76055479,8.02398396,5
B1,0,inter_peak,45,45min,176687,1.43812668,2.18032527,6.89664173,8.20404625,5
B1,0,inter_peak,60,60min,176687,1.46486139,2.21569395,7.02484989,8.35932827,5
B1,0,inter_peak,-1,mean,706748,1.42336726,2.15797234,6.82586193,8.10411167,20
B1,0,pm_peak,15,15min,87655,1.67911327,2.64896154,8.35422134,10.46055508,3
B1,0,pm_peak,30,30min,87655,1.78017819,2.86028075,8.85705757,11.16755867,3
B1,0,pm_peak,45,45min,87655,1.85035861,2.98063636,9.20623207,11.66351032,3
B1,0,pm_peak,60,60min,87655,1.90634131,3.08267450,9.48476601,12.07691097,3
B1,0,pm_peak,-1,mean,350620,1.80399787,2.89764047,8.97556877,11.34213257,12
B1,0,off_peak,15,15min,275519,1.85348582,2.75917983,7.85673857,9.35801697,30
B1,0,off_peak,30,30min,276340,1.87499046,2.78566647,7.95191526,9.47803688,28
B1,0,off_peak,45,45min,277070,1.89942682,2.81030798,8.05812550,9.59008980,25
B1,0,off_peak,60,60min,277737,1.92689896,2.83277822,8.17700195,9.71934986,26
B1,0,off_peak,-1,mean,1106666,1.88878191,2.79719996,8.01125240,9.53677273,109
B1,1,all,15,15min,628205,1.66513419,2.51994109,7.58656645,9.04822063,39
B1,1,all,30,30min,629026,1.71368635,2.59634542,7.80887747,9.33790207,37
B1,1,all,45,45min,629756,1.76061130,2.65795660,8.02322292,9.58717537,34
B1,1,all,60,60min,630423,1.80875659,2.71824098,8.24308872,9.84421635,35
B1,1,all,-1,mean,2517410,1.73711729,2.62424755,7.91573668,9.45476627,145
B1,1,am_peak,15,15min,88344,1.62752354,2.42012286,7.80490780,9.15009212,1
B1,1,am_peak,30,30min,88344,1.76016748,2.59260702,8.44101143,9.82102489,1
B1,1,am_peak,45,45min,88344,1.89406419,2.75228691,9.08312321,10.46457863,1
B1,1,am_peak,60,60min,88344,2.03623247,2.93268967,9.76490116,11.17854977,1
B1,1,am_peak,-1,mean,353376,1.82949698,2.68115449,8.77348614,10.15356159,4
B1,1,inter_peak,15,15min,176687,1.38034630,2.08134985,6.61955166,7.82194519,5
B1,1,inter_peak,30,30min,176687,1.40813982,2.13756943,6.75283766,8.01094341,5
B1,1,inter_peak,45,45min,176687,1.43617547,2.17590284,6.88728476,8.18393040,5
B1,1,inter_peak,60,60min,176687,1.46442568,2.20885277,7.02276087,8.33368683,5
B1,1,inter_peak,-1,mean,706748,1.42227185,2.15144181,6.82060862,8.08762646,20
B1,1,pm_peak,15,15min,87655,1.68840337,2.65114021,8.40044308,10.42275906,3
B1,1,pm_peak,30,30min,87655,1.78219867,2.83446026,8.86710930,11.07049370,3
B1,1,pm_peak,45,45min,87655,1.85325885,2.95840979,9.22066116,11.53217697,3
B1,1,pm_peak,60,60min,87655,1.91252697,3.05822635,9.51554203,11.95044422,3
B1,1,pm_peak,-1,mean,350620,1.80909693,2.87956786,9.00093937,11.24396801,12
B1,1,off_peak,15,15min,275519,1.85242212,2.75436902,7.85222960,9.36467457,30
B1,1,off_peak,30,30min,276340,1.87245584,2.77950287,7.94116545,9.48231792,28
B1,1,off_peak,45,45min,277070,1.89564168,2.80251813,8.04206753,9.58692932,25
B1,1,off_peak,60,60min,277737,1.92270160,2.82492518,8.15919018,9.71598721,26
B1,1,off_peak,-1,mean,1106666,1.88588309,2.79053068,7.99895668,9.53786469,109
B1,2,all,15,15min,628205,1.66361606,2.52160048,7.57964945,9.09084606,39
B1,2,all,30,30min,629026,1.70955014,2.59862947,7.79003000,9.37425613,37
B1,2,all,45,45min,629756,1.75134337,2.65368176,7.98098898,9.60498047,34
B1,2,all,60,60min,630423,1.79415190,2.70503521,8.17653084,9.85410976,35
B1,2,all,-1,mean,2517410,1.72972894,2.62070847,7.88206959,9.48141861,145
B1,2,am_peak,15,15min,88344,1.61967671,2.41856956,7.76727772,9.15754318,1
B1,2,am_peak,30,30min,88344,1.73430109,2.57301378,8.31696796,9.76771164,1
B1,2,am_peak,45,45min,88344,1.84672403,2.70605302,8.85610008,10.31954575,1
B1,2,am_peak,60,60min,88344,1.97784901,2.87141228,9.48491955,10.98569775,1
B1,2,am_peak,-1,mean,353376,1.79463768,2.64752769,8.60631657,10.05762482,4
B1,2,inter_peak,15,15min,176687,1.37965834,2.08382130,6.61625290,7.89210033,5
B1,2,inter_peak,30,30min,176687,1.40614676,2.13215709,6.74327993,8.06965637,5
B1,2,inter_peak,45,45min,176687,1.43296123,2.16757965,6.87187099,8.23519325,5
B1,2,inter_peak,60,60min,176687,1.45996773,2.19971585,7.00138187,8.40685654,5
B1,2,inter_peak,-1,mean,706748,1.41968358,2.14624977,6.80819654,8.15095139,20
B1,2,pm_peak,15,15min,87655,1.68297374,2.64656448,8.37342834,10.57960129,3
B1,2,pm_peak,30,30min,87655,1.77458715,2.83354497,8.82923985,11.26564026,3
B1,2,pm_peak,45,45min,87655,1.83923018,2.94057345,9.15086269,11.73105907,3
B1,2,pm_peak,60,60min,87655,1.89228940,3.02696896,9.41485214,12.14223766,3
B1,2,pm_peak,-1,mean,350620,1.79727018,2.86543155,8.94209671,11.42963505,12
B1,2,off_peak,15,15min,275519,1.85364521,2.75846767,7.85741425,9.36458397,30
B1,2,off_peak,30,30min,276340,1.87499821,2.79310298,7.95194817,9.48267174,28
B1,2,off_peak,45,45min,277070,1.89615893,2.81767726,8.04426193,9.57803440,25
B1,2,off_peak,60,60min,277737,1.91734493,2.83132911,8.13645840,9.69270802,26
B1,2,off_peak,-1,mean,1106666,1.88560748,2.80036283,7.99778795,9.52986050,109
B2,0,all,15,15min,628205,1.69977796,2.56701159,7.74440765,9.26212406,39
B2,0,all,30,30min,629026,1.71142006,2.59207964,7.79855108,9.34586334,37
B2,0,all,45,45min,629756,1.73934722,2.63248849,7.92632198,9.49865437,34
B2,0,all,60,60min,630423,1.78188479,2.69268107,8.12062550,9.72920704,35
B2,0,all,-1,mean,2517410,1.73314714,2.62155604,7.89764595,9.45918846,145
B2,0,am_peak,15,15min,88344,1.70821130,2.53993320,8.19185257,9.50115585,1
B2,0,am_peak,30,30min,88344,1.71333563,2.53971052,8.21642685,9.55700111,1
B2,0,am_peak,45,45min,88344,1.78650606,2.64920449,8.56732082,9.99928665,1
B2,0,am_peak,60,60min,88344,1.93841195,2.86907029,9.29579544,10.87507820,1
B2,0,am_peak,-1,mean,353376,1.78661609,2.65288711,8.56784821,9.98312950,4
B2,0,inter_peak,15,15min,176687,1.41827869,2.12553525,6.80145931,8.05068398,5
B2,0,inter_peak,30,30min,176687,1.43365133,2.16415310,6.87518024,8.16765022,5
B2,0,inter_peak,45,45min,176687,1.44526696,2.18454385,6.93088341,8.25303459,5
B2,0,inter_peak,60,60min,176687,1.45978141,2.20567632,7.00048876,8.33561230,5
B2,0,inter_peak,-1,mean,706748,1.43924463,2.17017841,6.90200329,8.20174503,20
B2,0,pm_peak,15,15min,87655,1.72993338,2.73559880,8.60706997,10.96759796,3
B2,0,pm_peak,30,30min,87655,1.78089952,2.83639026,8.86064625,11.24260616,3
B2,0,pm_peak,45,45min,87655,1.83363760,2.92261982,9.12303734,11.52101326,3
B2,0,pm_peak,60,60min,87655,1.88601410,3.02079725,9.38363075,11.82701969,3
B2,0,pm_peak,-1,mean,350620,1.80762112,2.88077831,8.99359703,11.38955879,12
B2,0,off_peak,15,15min,275519,1.86800206,2.77092123,7.91827154,9.41978645,30
B2,0,off_peak,30,30min,276340,1.86636925,2.77226615,7.91535234,9.43005562,28
B2,0,off_peak,45,45min,277070,1.88201487,2.78710604,7.98425674,9.49355698,25
B2,0,off_peak,60,60min,277737,1.90414357,2.80435586,8.08043671,9.58919048,26
B2,0,off_peak,-1,mean,1106666,1.88017297,2.78373313,7.97473717,9.48333549,109
B2,1,all,15,15min,628205,1.70870650,2.59124947,7.78508759,9.28004456,39
B2,1,all,30,30min,629026,1.71731937,2.61273408,7.82543278,9.34784889,37
B2,1,all,45,45min,629756,1.74288976,2.64925814,7.94246483,9.48900032,34
B2,1,all,60,60min,630423,1.78603733,2.70917702,8.13955021,9.72298717,35
B2,1,all,-1,mean,2517410,1.73877561,2.64103961,7.92329311,9.46018410,145
B2,1,am_peak,15,15min,88344,1.73150659,2.57139754,8.30356598,9.52701378,1
B2,1,am_peak,30,30min,88344,1.71339381,2.54878449,8.21670532,9.47254658,1
B2,1,am_peak,45,45min,88344,1.77333879,2.64458799,8.50417614,9.85082245,1
B2,1,am_peak,60,60min,88344,1.92791581,2.86406159,9.24546146,10.73571396,1
B2,1,am_peak,-1,mean,353376,1.78653860,2.66012621,8.56747627,9.89652443,4
B2,1,inter_peak,15,15min,176687,1.42897201,2.15497994,6.85274029,8.07537556,5
B2,1,inter_peak,30,30min,176687,1.44392467,2.19198513,6.92444658,8.19168568,5
B2,1,inter_peak,45,45min,176687,1.45374417,2.20578694,6.97153664,8.26962090,5
B2,1,inter_peak,60,60min,176687,1.46606779,2.22054505,7.03063583,8.34484577,5
B2,1,inter_peak,-1,mean,706748,1.44817710,2.19345927,6.94483948,8.22038174,20
B2,1,pm_peak,15,15min,87655,1.75044811,2.80022764,8.70913887,11.05780888,3
B2,1,pm_peak,30,30min,87655,1.80209625,2.90147853,8.96610737,11.33181572,3
B2,1,pm_peak,45,45min,87655,1.85398686,2.98565125,9.22428322,11.60407257,3
B2,1,pm_peak,60,60min,87655,1.90795481,3.08330131,9.49279404,11.91440773,3
B2,1,pm_peak,-1,mean,350620,1.82862139,2.94451642,9.09808064,11.47702599,12
B2,1,off_peak,15,15min,275519,1.86750638,2.77792263,7.91617012,9.40782166,30
B2,1,off_peak,30,30min,276340,1.86648667,2.77838469,7.91585064,9.41791058,28
B2,1,off_peak,45,45min,277070,1.88242102,2.79280853,7.98597908,9.48209858,25
B2,1,off_peak,60,60min,277737,1.90598392,2.81309962,8.08824635,9.58595085,26
B2,1,off_peak,-1,mean,1106666,1.88064241,2.79063010,7.97672844,9.47364235,109
B2,2,all,15,15min,628205,1.69279492,2.57226944,7.71259212,9.28193569,39
B2,2,all,30,30min,629026,1.70504320,2.59823394,7.76949310,9.36728287,37
B2,2,all,45,45min,629756,1.73442686,2.63999772,7.90389919,9.52828884,34
B2,2,all,60,60min,630423,1.77807069,2.70187664,8.10324287,9.76826096,35
B2,2,all,-1,mean,2517410,1.72762525,2.62861323,7.87248325,9.48667717,145
B2,2,am_peak,15,15min,88344,1.67620480,2.50846624,8.03836250,9.40994549,1
B2,2,am_peak,30,30min,88344,1.68923914,2.53339148,8.10086918,9.52770901,1
B2,2,am_peak,45,45min,88344,1.78772843,2.67576194,8.57318211,10.11032867,1
B2,2,am_peak,60,60min,88344,1.96577764,2.92633390,9.42703056,11.12492561,1
B2,2,am_peak,-1,mean,353376,1.77973747,2.66615868,8.53486156,10.04322720,4
B2,2,inter_peak,15,15min,176687,1.41903746,2.14141059,6.80509806,8.08593082,5
B2,2,inter_peak,30,30min,176687,1.43526399,2.17721438,6.88291359,8.20813942,5
B2,2,inter_peak,45,45min,176687,1.44706666,2.19650984,6.93951464,8.29599762,5
B2,2,inter_peak,60,60min,176687,1.46117437,2.21682310,7.00716877,8.37889862,5
B2,2,inter_peak,-1,mean,706748,1.44063568,2.18316627,6.90867376,8.24224186,20
B2,2,pm_peak,15,15min,87655,1.73835778,2.77201653,8.64898491,11.17211533,3
B2,2,pm_peak,30,30min,87655,1.78043997,2.86068463,8.85835934,11.38506126,3
B2,2,pm_peak,45,45min,87655,1.82679737,2.93746734,9.08900452,11.63667965,3
B2,2,pm_peak,60,60min,87655,1.87454140,3.02486992,9.32654953,11.91598797,3
B2,2,pm_peak,-1,mean,350620,1.80503416,2.90026474,8.98072529,11.52746201,12
B2,2,off_peak,15,15min,275519,1.85917628,2.77187705,7.88085985,9.40653324,30
B2,2,off_peak,30,30min,276340,1.85867190,2.77277112,7.88270760,9.41709995,28
B2,2,off_peak,45,45min,277070,1.87145829,2.78422356,7.93947124,9.46151257,25
B2,2,off_peak,60,60min,277737,1.88951623,2.79862761,8.01836491,9.54274273,26
B2,2,off_peak,-1,mean,1106666,1.86973965,2.78192616,7.93048429,9.45712090,109
B3,0,all,15,15min,628205,1.68869698,2.55245805,7.69392109,9.18756676,39
B3,0,all,30,30min,629026,1.69413388,2.57121301,7.71978188,9.24206257,37
B3,0,all,45,45min,629756,1.71841037,2.60586476,7.83091116,9.37966728,34
B3,0,all,60,60min,630423,1.76111436,2.66464305,8.02596855,9.61443520,35
B3,0,all,-1,mean,2517410,1.71562362,2.59894967,7.81779385,9.35613918,145
B3,0,am_peak,15,15min,88344,1.71167374,2.53613639,8.20845699,9.44910431,1
B3,0,am_peak,30,30min,88344,1.69453442,2.51507497,8.12626362,9.40506649,1
B3,0,am_peak,45,45min,88344,1.75387621,2.60919714,8.41084099,9.78832817,1
B3,0,am_peak,60,60min,88344,1.91063023,2.83025789,9.16256714,10.69446278,1
B3,0,am_peak,-1,mean,353376,1.76767874,2.62563610,8.47703266,9.83423996,4
B3,0,inter_peak,15,15min,176687,1.40873992,2.10979581,6.75571537,7.96657801,5
B3,0,inter_peak,30,30min,176687,1.42014515,2.14243960,6.81041050,8.07003212,5
B3,0,inter_peak,45,45min,176687,1.43043184,2.16188264,6.85974073,8.15729904,5
B3,0,inter_peak,60,60min,176687,1.44338787,2.18157387,6.92187262,8.24257946,5
B3,0,inter_peak,-1,mean,706748,1.42567623,2.14908624,6.83693504,8.10912228,20
B3,0,pm_peak,15,15min,87655,1.72036779,2.72467041,8.55947781,10.83205986,3
B3,0,pm_peak,30,30min,87655,1.77073002,2.82678366,8.81004906,11.08832550,3
B3,0,pm_peak,45,45min,87655,1.82148123,2.90131116,9.06255531,11.34916306,3
B3,0,pm_peak,60,60min,87655,1.87822855,3.00065279,9.34489441,11.67644310,3
B3,0,pm_peak,-1,mean,350620,1.79770195,2.86513782,8.94424438,11.23649883,12
B3,0,off_peak,15,15min,275519,1.85078681,2.75246072,7.84529734,9.36354351,30
B3,0,off_peak,30,30min,276340,1.84489334,2.74901271,7.82427216,9.35370350,28
B3,0,off_peak,45,45min,277070,1.85813773,2.76045561,7.88296032,9.40579319,25
B3,0,off_peak,60,60min,277737,1.87872088,2.77477479,7.97255325,9.49283314,26
B3,0,off_peak,-1,mean,1106666,1.85816610,2.75921917,7.88139534,9.40411186,109
B3,1,all,15,15min,628205,1.68788230,2.56702471,7.69020987,9.19239712,39
B3,1,all,30,30min,629026,1.69784629,2.58922815,7.73669863,9.26680374,37
B3,1,all,45,45min,629756,1.72487831,2.62706375,7.86038542,9.41759396,34
B3,1,all,60,60min,630423,1.76899552,2.68805480,8.06188488,9.66241932,35
B3,1,all,-1,mean,2517410,1.71993995,2.61830306,7.83746243,9.38503075,145
B3,1,am_peak,15,15min,88344,1.70443022,2.54399943,8.17371941,9.44674873,1
B3,1,am_peak,30,30min,88344,1.71450174,2.56078339,8.22201824,9.53482342,1
B3,1,am_peak,45,45min,88344,1.79173386,2.67464209,8.59239101,10.00668812,1
B3,1,am_peak,60,60min,88344,1.95866549,2.90650129,9.39292431,10.97255230,1
B3,1,am_peak,-1,mean,353376,1.79233277,2.67539763,8.59526253,9.99020290,4
B3,1,inter_peak,15,15min,176687,1.40181255,2.10408759,6.72249508,7.93452930,5
B3,1,inter_peak,30,30min,176687,1.41506302,2.13806152,6.78603888,8.04838467,5
B3,1,inter_peak,45,45min,176687,1.42711413,2.15896463,6.84383059,8.14769173,5
B3,1,inter_peak,60,60min,176687,1.44148624,2.18125892,6.91275311,8.23655891,5
B3,1,inter_peak,-1,mean,706748,1.42136908,2.14578128,6.81627989,8.09179115,20
B3,1,pm_peak,15,15min,87655,1.70935595,2.71087623,8.50468922,10.79639149,3
B3,1,pm_peak,30,30min,87655,1.75983477,2.80727744,8.75584126,11.04636860,3
B3,1,pm_peak,45,45min,87655,1.81191337,2.89402628,9.01495171,11.31694508,3
B3,1,pm_peak,60,60min,87655,1.86806583,2.98982716,9.29433155,11.65099525,3
B3,1,pm_peak,-1,mean,350620,1.78729248,2.85237217,8.89245319,11.20267582,12
B3,1,off_peak,15,15min,275519,1.85919750,2.78792834,7.88094997,9.40721226,30
B3,1,off_peak,30,30min,276340,1.85366619,2.78232908,7.86147785,9.39568996,28
B3,1,off_peak,45,45min,277070,1.86591005,2.78987408,7.91593361,9.43869114,25
B3,1,off_peak,60,60min,277737,1.88574755,2.80464530,8.00237179,9.52515793,26
B3,1,off_peak,-1,mean,1106666,1.86616015,2.79122472,7.91530228,9.44181633,109
B3,2,all,15,15min,628205,1.69120038,2.55242491,7.70532703,9.16570473,39
B3,2,all,30,30min,629026,1.69805455,2.57137895,7.73764753,9.22701359,37
B3,2,all,45,45min,629756,1.72344506,2.60764623,7.85385466,9.36973763,34
B3,2,all,60,60min,630423,1.76730609,2.66946054,8.05418587,9.61106873,35
B3,2,all,-1,mean,2517410,1.72003806,2.60066700,7.83790970,9.34359550,145
B3,2,am_peak,15,15min,88344,1.71610129,2.55025029,8.22968960,9.45259285,1
B3,2,am_peak,30,30min,88344,1.71230090,2.54440880,8.21146488,9.46702194,1
B3,2,am_peak,45,45min,88344,1.77522814,2.64109802,8.51323605,9.86136913,1
B3,2,am_peak,60,60min,88344,1.92627752,2.85768580,9.23760414,10.73578167,1
B3,2,am_peak,-1,mean,353376,1.78247690,2.65139389,8.54799843,9.87919140,4
B3,2,inter_peak,15,15min,176687,1.41460311,2.12022042,6.78383350,7.98470211,5
B3,2,inter_peak,30,30min,176687,1.42371559,2.15003848,6.82753229,8.07721519,5
B3,2,inter_peak,45,45min,176687,1.43205988,2.16402745,6.86754799,8.15291977,5
B3,2,inter_peak,60,60min,176687,1.44662809,2.18494582,6.93741083,8.24203873,5
B3,2,inter_peak,-1,mean,706748,1.42925167,2.15493631,6.85408115,8.11421871,20
B3,2,pm_peak,15,15min,87655,1.71424544,2.67958426,8.52901745,10.66717815,3
B3,2,pm_peak,30,30min,87655,1.76825154,2.78473544,8.79771805,10.95040131,3
B3,2,pm_peak,45,45min,87655,1.82721698,2.87773681,9.09109306,11.26951790,3
B3,2,pm_peak,60,60min,87655,1.88779175,2.98761249,9.39247513,11.63512993,3
B3,2,pm_peak,-1,mean,350620,1.79937649,2.83470130,8.95257568,11.13055706,12
B3,2,off_peak,15,15min,275519,1.85326266,2.75714970,7.85579252,9.35340691,30
B3,2,off_peak,30,30min,276340,1.84664142,2.75055552,7.83168507,9.33879662,28
B3,2,off_peak,45,45min,277070,1.85992014,2.76134157,7.89052153,9.38792324,25
B3,2,off_peak,60,60min,277737,1.88271844,2.77909303,7.98951769,9.48543262,26
B3,2,off_peak,-1,mean,1106666,1.86066842,2.76207995,7.89200878,9.39153481,109
B4,0,all,15,15min,628205,1.66202593,2.51459050,7.57240486,9.00745392,39
B4,0,all,30,30min,629026,1.66761446,2.53104568,7.59893894,9.06077385,37
B4,0,all,45,45min,629756,1.67360330,2.54324436,7.62672186,9.10781670,34
B4,0,all,60,60min,630423,1.68096209,2.55451465,7.66068792,9.16637707,35
B4,0,all,-1,mean,2517410,1.67106068,2.53591156,7.61472893,9.08568192,145
B4,0,am_peak,15,15min,88344,1.59184551,2.34836793,7.63381100,8.80314255,1
B4,0,am_peak,30,30min,88344,1.59797120,2.38201046,7.66318798,8.90219402,1
B4,0,am_peak,45,45min,88344,1.61389041,2.42439771,7.73952913,9.05924988,1
B4,0,am_peak,60,60min,88344,1.63315952,2.46686649,7.83193541,9.24193668,1
B4,0,am_peak,-1,mean,353376,1.60921669,2.40582323,7.71711636,9.00163078,4
B4,0,inter_peak,15,15min,176687,1.39922142,2.10654235,6.71006870,7.86386347,5
B4,0,inter_peak,30,30min,176687,1.40838492,2.12598014,6.75401306,7.92866135,5
B4,0,inter_peak,45,45min,176687,1.41374075,2.13466930,6.77969742,7.97000074,5
B4,0,inter_peak,60,60min,176687,1.42002916,2.14373326,6.80985355,8.00645542,5
B4,0,inter_peak,-1,mean,706748,1.41034412,2.12777567,6.76340818,7.94224501,20
B4,0,pm_peak,15,15min,87655,1.70174658,2.67783308,8.46683025,10.57018757,3
B4,0,pm_peak,30,30min,87655,1.72854555,2.73715687,8.60016537,10.78401566,3
B4,0,pm_peak,45,45min,87655,1.74913299,2.77724242,8.70259571,10.95592022,3
B4,0,pm_peak,60,60min,87655,1.76375890,2.80849695,8.77536488,11.11416721,3
B4,0,pm_peak,-1,mean,350620,1.73579586,2.75061584,8.63623810,10.85607243,12
B4,0,off_peak,15,15min,275519,1.84042549,2.74261332,7.80137682,9.30918789,30
B4,0,off_peak,30,30min,276340,1.83629870,2.73897481,7.78782129,9.28873444,28
B4,0,off_peak,45,45min,277070,1.83446169,2.73519444,7.78251743,9.26422596,25
B4,0,off_peak,60,60min,277737,1.83603287,2.73192692,7.79140234,9.26552486,26
B4,0,off_peak,-1,mean,1106666,1.83679950,2.73716831,7.79076910,9.28186512,109
B4,1,all,15,15min,628205,1.68803442,2.55202627,7.69090271,9.12052727,39
B4,1,all,30,30min,629026,1.69557345,2.56995058,7.72634125,9.18205643,37
B4,1,all,45,45min,629756,1.70256221,2.58130693,7.75868988,9.23256874,34
B4,1,all,60,60min,630423,1.70995760,2.59015536,7.79283047,9.28854847,35
B4,1,all,-1,mean,2517410,1.69904244,2.57341766,7.74223661,9.20600700,145
B4,1,am_peak,15,15min,88344,1.58528244,2.35303450,7.60233784,8.82030487,1
B4,1,am_peak,30,30min,88344,1.60464454,2.39879274,7.69519043,8.97970867,1
B4,1,am_peak,45,45min,88344,1.62839723,2.44300175,7.80909824,9.17150593,1
B4,1,am_peak,60,60min,88344,1.65397656,2.49029827,7.93176603,9.38488770,1
B4,1,am_peak,-1,mean,353376,1.61807513,2.42181849,7.75959778,9.08910179,4
B4,1,inter_peak,15,15min,176687,1.41735387,2.12676573,6.79702473,7.88854361,5
B4,1,inter_peak,30,30min,176687,1.42644441,2.14573216,6.84061861,7.95396948,5
B4,1,inter_peak,45,45min,176687,1.43193972,2.15566301,6.86697149,7.99428606,5
B4,1,inter_peak,60,60min,176687,1.43808031,2.16482687,6.89642000,8.02935505,5
B4,1,inter_peak,-1,mean,706748,1.42845452,2.14829326,6.85025835,7.96653843,20
B4,1,pm_peak,15,15min,87655,1.83044362,2.82897663,9.10714626,11.01975632,3
B4,1,pm_peak,30,30min,87655,1.85730815,2.88480067,9.24080753,11.22331715,3
B4,1,pm_peak,45,45min,87655,1.87695193,2.91752934,9.33854294,11.38216209,3
B4,1,pm_peak,60,60min,87655,1.88788533,2.93585300,9.39294052,11.50894833,3
B4,1,pm_peak,-1,mean,350620,1.86314726,2.89207530,9.26985931,11.28354549,12
B4,1,off_peak,15,15min,275519,1.84925890,2.76182199,7.83882141,9.40264320,30
B4,1,off_peak,30,30min,276340,1.84541714,2.75877333,7.82649279,9.38449383,28
B4,1,off_peak,45,45min,277070,1.84361494,2.75419211,7.82134914,9.36164761,25
B4,1,off_peak,60,60min,277737,1.84456873,2.74844837,7.82762480,9.35820389,26
B4,1,off_peak,-1,mean,1106666,1.84570956,2.75579858,7.82856131,9.37669468,109
B4,2,all,15,15min,628205,1.65918863,2.51634669,7.55947733,8.99369907,39
B4,2,all,30,30min,629026,1.66477752,2.53324366,7.58601189,9.04530334,37
B4,2,all,45,45min,629756,1.66997039,2.54365277,7.61016703,9.08560181,34
B4,2,all,60,60min,630423,1.67653942,2.55259538,7.64053249,9.13902855,35
B4,2,all,-1,mean,2517410,1.66762745,2.53651309,7.59908390,9.06597805,145
B4,2,am_peak,15,15min,88344,1.57516325,2.33948159,7.55381060,8.76754761,1
B4,2,am_peak,30,30min,88344,1.58918214,2.37676954,7.62103891,8.88158417,1
B4,2,am_peak,45,45min,88344,1.61124539,2.41823125,7.72684526,9.05181408,1
B4,2,am_peak,60,60min,88344,1.63531232,2.46210337,7.84225988,9.24287319,1
B4,2,am_peak,-1,mean,353376,1.60272574,2.39958358,7.68598843,8.98595428,4
B4,2,inter_peak,15,15min,176687,1.39875293,2.11764407,6.70782232,7.83343172,5
B4,2,inter_peak,30,30min,176687,1.40817177,2.13666296,6.75299072,7.89862251,5
B4,2,inter_peak,45,45min,176687,1.41381860,2.14401126,6.78007078,7.93955040,5
B4,2,inter_peak,60,60min,176687,1.42062128,2.15355349,6.81269312,7.97675705,5
B4,2,inter_peak,-1,mean,706748,1.41034114,2.13800859,6.76339436,7.91209030,20
B4,2,pm_peak,15,15min,87655,1.71905732,2.69752812,8.55295849,10.57866573,3
B4,2,pm_peak,30,30min,87655,1.74331200,2.75692821,8.67363453,10.77470493,3
B4,2,pm_peak,45,45min,87655,1.76047719,2.79521775,8.75903702,10.93175411,3
B4,2,pm_peak,60,60min,87655,1.77349234,2.81997514,8.82379246,11.08080006,3
B4,2,pm_peak,-1,mean,350620,1.74908483,2.76779747,8.70235634,10.84148121,12
B4,2,off_peak,15,15min,275519,1.83409834,2.73709273,7.77455711,9.30605793,30
B4,2,off_peak,30,30min,276340,1.82810295,2.73344517,7.75306320,9.28226662,28
B4,2,off_peak,45,45min,277070,1.82340968,2.72733450,7.73563004,9.24316597,25
B4,2,off_peak,60,60min,277737,1.82186115,2.72055244,7.73126316,9.23257351,26
B4,2,off_peak,-1,mean,1106666,1.82685399,2.72959495,7.74858570,9.26592922,109
B5,0,all,15,15min,628205,1.66244578,2.51763344,7.57431746,9.01707935,39
B5,0,all,30,30min,629026,1.66961384,2.53628707,7.60804939,9.07721424,37
B5,0,all,45,45min,629756,1.67698646,2.54826498,7.64213896,9.12882805,34
B5,0,all,60,60min,630423,1.68554187,2.55945468,7.68155956,9.19287014,35
B5,0,all,-1,mean,2517410,1.67365825,2.54047751,7.62656498,9.10408211,145
B5,0,am_peak,15,15min,88344,1.58978641,2.34576964,7.62393713,8.77289104,1
B5,0,am_peak,30,30min,88344,1.59811962,2.38401771,7.66389942,8.87912750,1
B5,0,am_peak,45,45min,88344,1.61470222,2.42166305,7.74342251,9.04089928,1
B5,0,am_peak,60,60min,88344,1.63524401,2.46036100,7.84193182,9.23270416,1
B5,0,am_peak,-1,mean,353376,1.60946310,2.40333104,7.71829796,8.98140526,4
B5,0,inter_peak,15,15min,176687,1.39589536,2.10782051,6.69411850,7.84712648,5
B5,0,inter_peak,30,30min,176687,1.40630674,2.12820554,6.74404669,7.91764116,5
B5,0,inter_peak,45,45min,176687,1.41311085,2.13759303,6.77667618,7.96361876,5
B5,0,inter_peak,60,60min,176687,1.42009223,2.14736462,6.81015635,8.00318241,5
B5,0,inter_peak,-1,mean,706748,1.40885139,2.13029599,6.75624990,7.93289185,20
B5,0,pm_peak,15,15min,87655,1.71349275,2.68584347,8.52527142,10.63023853,3
B5,0,pm_peak,30,30min,87655,1.74240696,2.74830198,8.66913128,10.84150124,3
B5,0,pm_peak,45,45min,87655,1.76479185,2.78955126,8.78050423,11.01011276,3
B5,0,pm_peak,60,60min,87655,1.78112185,2.81825733,8.86175156,11.16981030,3
B5,0,pm_peak,-1,mean,350620,1.75045335,2.76093698,8.70916462,10.91291523,12
B5,0,off_peak,15,15min,275519,1.84043884,2.74656677,7.80143356,9.33246422,30
B5,0,off_peak,30,30min,276340,1.83773398,2.74480152,7.79390860,9.32234287,28
B5,0,off_peak,45,45min,277070,1.83734047,2.74116278,7.79473019,9.30475807,25
B5,0,off_peak,60,60min,277737,1.84024549,2.73929119,7.80927849,9.31312084,26
B5,0,off_peak,-1,mean,1106666,1.83893919,2.74294853,7.79984426,9.31814575,109
B5,1,all,15,15min,628205,1.66331506,2.52646780,7.57827759,9.00979137,39
B5,1,all,30,30min,629026,1.67113721,2.54697633,7.61499119,9.07354164,37
B5,1,all,45,45min,629756,1.67851615,2.56023550,7.64911032,9.12926865,34
B5,1,all,60,60min,630423,1.68728197,2.57164168,7.68949032,9.19689941,35
B5,1,all,-1,mean,2517410,1.67507434,2.55140758,7.63301849,9.10246563,145
B5,1,am_peak,15,15min,88344,1.57663631,2.33385062,7.56087446,8.72821617,1
B5,1,am_peak,30,30min,88344,1.59462905,2.38227439,7.64715958,8.87806511,1
B5,1,am_peak,45,45min,88344,1.62236202,2.43178511,7.78015566,9.09269047,1
B5,1,am_peak,60,60min,88344,1.65504694,2.48181844,7.93689871,9.34271049,1
B5,1,am_peak,-1,mean,353376,1.61216855,2.40806413,7.73127222,9.01042080,4
B5,1,inter_peak,15,15min,176687,1.40341067,2.11609578,6.73015881,7.85373974,5
B5,1,inter_peak,30,30min,176687,1.41352379,2.13488531,6.77865648,7.92984438,5
B5,1,inter_peak,45,45min,176687,1.41879320,2.14143109,6.80392694,7.97134542,5
B5,1,inter_peak,60,60min,176687,1.42536056,2.15132189,6.83542109,8.01161575,5
B5,1,inter_peak,-1,mean,706748,1.41527212,2.13597226,6.78704166,7.94163561,20
B5,1,pm_peak,15,15min,87655,1.72574973,2.73588347,8.58625507,10.65620899,3
B5,1,pm_peak,30,30min,87655,1.75170767,2.79740787,8.71540642,10.85815620,3
B5,1,pm_peak,45,45min,87655,1.77089119,2.83411765,8.81085110,11.02969265,3
B5,1,pm_peak,60,60min,87655,1.78419995,2.85281205,8.87706757,11.18289566,3
B5,1,pm_peak,-1,mean,350620,1.75813723,2.80541039,8.74739552,10.93173790,12
B5,1,off_peak,15,15min,275519,1.83791864,2.74852490,7.79075098,9.31766891,30
B5,1,off_peak,30,30min,276340,1.83475280,2.74876094,7.78126574,9.30123806,28
B5,1,off_peak,45,45min,277070,1.83282185,2.74727845,7.77555990,9.27812386,25
B5,1,off_peak,60,60min,277737,1.83357346,2.74577022,7.78096533,9.27777672,26
B5,1,off_peak,-1,mean,1106666,1.83476162,2.74758077,7.78212547,9.29365349,109
B5,2,all,15,15min,628205,1.65904558,2.51389790,7.55882549,8.98783112,39
B5,2,all,30,30min,629026,1.66585624,2.53221416,7.59092712,9.05010319,37
B5,2,all,45,45min,629756,1.67195511,2.54270434,7.61921120,9.09893990,34
B5,2,all,60,60min,630423,1.67880321,2.55253863,7.65084934,9.15355682,35
B5,2,all,-1,mean,2517410,1.66892457,2.53539801,7.60499477,9.07268810,145
B5,2,am_peak,15,15min,88344,1.57280207,2.32876348,7.54248714,8.66623402,1
B5,2,am_peak,30,30min,88344,1.58579779,2.36396241,7.60480928,8.79481792,1
B5,2,am_peak,45,45min,88344,1.60397851,2.40143776,7.69199562,8.96322250,1
B5,2,am_peak,60,60min,88344,1.62224758,2.43604517,7.77960730,9.12926769,1
B5,2,am_peak,-1,mean,353376,1.59620643,2.38289094,7.65472507,8.88838577,4
B5,2,inter_peak,15,15min,176687,1.40438235,2.11436796,6.73481846,7.85794687,5
B5,2,inter_peak,30,30min,176687,1.41490567,2.13433337,6.78528404,7.92958307,5
B5,2,inter_peak,45,45min,176687,1.42096305,2.14242744,6.81433249,7.97094488,5
B5,2,inter_peak,60,60min,176687,1.42804861,2.15426350,6.84831238,8.01020813,5
B5,2,inter_peak,-1,mean,706748,1.41707492,2.13639760,6.79568672,7.94217062,20
B5,2,pm_peak,15,15min,87655,1.71111679,2.70020604,8.51345062,10.56453037,3
B5,2,pm_peak,30,30min,87655,1.73569584,2.75988007,8.63574028,10.77234077,3
B5,2,pm_peak,45,45min,87655,1.75624788,2.79501963,8.73799515,10.94243526,3
B5,2,pm_peak,60,60min,87655,1.77449346,2.82979631,8.82877350,11.11897278,3
B5,2,pm_peak,-1,mean,350620,1.74438846,2.77163911,8.67898941,10.84957027,12
B5,2,off_peak,15,15min,275519,1.83344531,2.73567605,7.77178907,9.31394386,30
B5,2,off_peak,30,30min,276340,1.82975042,2.73504233,7.76005030,9.30188942,28
B5,2,off_peak,45,45min,277070,1.82701933,2.73091102,7.75094414,9.27833271,25
B5,2,off_peak,60,60min,277737,1.82611430,2.72431493,7.74931145,9.26836014,26
B5,2,off_peak,-1,mean,1106666,1.82907403,2.73147726,7.75800133,9.29057789,109
B6,0,all,15,15min,628205,1.66490149,2.52493763,7.58550596,9.05745983,39
B6,0,all,30,30min,629026,1.67168403,2.53981376,7.61748314,9.10915852,37
B6,0,all,45,45min,629756,1.67686737,2.54952216,7.64159632,9.14674664,34
B6,0,all,60,60min,630423,1.68192112,2.55721331,7.66505909,9.18848133,35
B6,0,all,-1,mean,2517410,1.67385173,2.54291606,7.62744713,9.12552547,145
B6,0,am_peak,15,15min,88344,1.58153141,2.35701132,7.58434963,8.83875751,1
B6,0,am_peak,30,30min,88344,1.60409915,2.39999747,7.69257450,8.97703934,1
B6,0,am_peak,45,45min,88344,1.62790382,2.44060302,7.80673170,9.12808895,1
B6,0,am_peak,60,60min,88344,1.65356362,2.48555398,7.92978477,9.30428314,1
B6,0,am_peak,-1,mean,353376,1.61677432,2.42126060,7.75335932,9.06204319,4
B6,0,inter_peak,15,15min,176687,1.40692151,2.11487579,6.74699545,7.89281225,5
B6,0,inter_peak,30,30min,176687,1.41606629,2.13142276,6.79084969,7.95076180,5
B6,0,inter_peak,45,45min,176687,1.42225540,2.14030933,6.82052994,7.99179840,5
B6,0,inter_peak,60,60min,176687,1.42802203,2.15020037,6.84818459,8.02567482,5
B6,0,inter_peak,-1,mean,706748,1.41831636,2.13424158,6.80164003,7.96526241,20
B6,0,pm_peak,15,15min,87655,1.71960843,2.71129060,8.55570030,10.72377968,3
B6,0,pm_peak,30,30min,87655,1.74372685,2.76379132,8.67569828,10.90316677,3
B6,0,pm_peak,45,45min,87655,1.76352572,2.80270720,8.77420425,11.05653858,3
B6,0,pm_peak,60,60min,87655,1.77660823,2.82884049,8.83929539,11.17933559,3
B6,0,pm_peak,-1,mean,350620,1.75086737,2.77701020,8.71122456,10.96570587,12
B6,0,off_peak,15,15min,275519,1.83966827,2.74733615,7.79816723,9.34435558,30
B6,0,off_peak,30,30min,276340,1.83387601,2.74124050,7.77754688,9.32301331,28
B6,0,off_peak,45,45min,277070,1.82742941,2.73285389,7.75268364,9.28502560,25
B6,0,off_peak,60,60min,277737,1.82257950,2.72239518,7.73431158,9.26307201,26
B6,0,off_peak,-1,mean,1106666,1.83086908,2.73594499,7.76561499,9.30377197,109
B6,1,all,15,15min,628205,1.68589950,2.53961945,7.68117619,9.12255287,39
B6,1,all,30,30min,629026,1.69203699,2.55509901,7.71022654,9.17641735,37
B6,1,all,45,45min,629756,1.69744349,2.56630254,7.73536348,9.21921062,34
B6,1,all,60,60min,630423,1.70381594,2.57671952,7.76484013,9.27068329,35
B6,1,all,-1,mean,2517410,1.69480753,2.55948997,7.72293901,9.19728756,145
B6,1,am_peak,15,15min,88344,1.60205626,2.36577654,7.68277788,8.89417648,1
B6,1,am_peak,30,30min,88344,1.61880302,2.40215969,7.76308775,9.00648499,1
B6,1,am_peak,45,45min,88344,1.64186180,2.44422436,7.87366867,9.15877914,1
B6,1,am_peak,60,60min,88344,1.66840458,2.49161816,8.00095558,9.34292030,1
B6,1,am_peak,-1,mean,353376,1.63278139,2.42639971,7.83012199,9.10058975,4
B6,1,inter_peak,15,15min,176687,1.45074856,2.14681482,6.95717096,8.05166626,5
B6,1,inter_peak,30,30min,176687,1.46024048,2.16446686,7.00269032,8.11349773,5
B6,1,inter_peak,45,45min,176687,1.46637857,2.17490697,7.03212643,8.15134239,5
B6,1,inter_peak,60,60min,176687,1.47224033,2.18400335,7.06023645,8.18161488,5
B6,1,inter_peak,-1,mean,706748,1.46240187,2.16759205,7.01305580,8.12453079,20
B6,1,pm_peak,15,15min,87655,1.73383975,2.72623229,8.62650585,10.73069859,3
B6,1,pm_peak,30,30min,87655,1.76205504,2.78735709,8.76688766,10.94311142,3
B6,1,pm_peak,45,45min,87655,1.78650963,2.83563852,8.88855839,11.13721657,3
B6,1,pm_peak,60,60min,87655,1.80534267,2.87242961,8.98225975,11.30880165,3
B6,1,pm_peak,-1,mean,350620,1.77193689,2.80594897,8.81605339,11.02995682,12
B6,1,off_peak,15,15min,275519,1.84833062,2.75517464,7.83488607,9.37092781,30
B6,1,off_peak,30,30min,276340,1.84144664,2.74883461,7.80965471,9.34997749,28
B6,1,off_peak,45,45min,277070,1.83433795,2.73934650,7.78199196,9.31267834,25
B6,1,off_peak,60,60min,277737,1.83035827,2.73084426,7.76732111,9.29730129,26
B6,1,off_peak,-1,mean,1106666,1.83859789,2.74353814,7.79839659,9.33263493,109
B6,2,all,15,15min,628205,1.67564487,2.54330730,7.63445425,9.08222008,39
B6,2,all,30,30min,629026,1.68328214,2.55799770,7.67033339,9.13702869,37
B6,2,all,45,45min,629756,1.68976498,2.56669879,7.70037174,9.17904472,34
B6,2,all,60,60min,630423,1.69644582,2.57376337,7.73125267,9.23080063,35
B6,2,all,-1,mean,2517410,1.68629467,2.56048179,7.68414640,9.15734577,145
B6,2,am_peak,15,15min,88344,1.58671927,2.35777068,7.60922813,8.85192776,1
B6,2,am_peak,30,30min,88344,1.60841107,2.39983702,7.71325302,8.98266602,1
B6,2,am_peak,45,45min,88344,1.63062251,2.43507934,7.81976938,9.12646770,1
B6,2,am_peak,60,60min,88344,1.65209663,2.46825743,7.92275047,9.28015709,1
B6,2,am_peak,-1,mean,353376,1.61946237,2.41558504,7.76624966,9.06030464,4
B6,2,inter_peak,15,15min,176687,1.41090286,2.12228322,6.76608849,7.91367817,5
B6,2,inter_peak,30,30min,176687,1.42027271,2.13785505,6.81102180,7.97686958,5
B6,2,inter_peak,45,45min,176687,1.42588162,2.14399576,6.83792019,8.01322269,5
B6,2,inter_peak,60,60min,176687,1.43262446,2.15303874,6.87025547,8.04953671,5
B6,2,inter_peak,-1,mean,706748,1.42242038,2.13932252,6.82132101,7.98832703,20
B6,2,pm_peak,15,15min,87655,1.72831285,2.72248077,8.59900761,10.71373844,3
B6,2,pm_peak,30,30min,87655,1.75497496,2.78290820,8.73166180,10.90435886,3
B6,2,pm_peak,45,45min,87655,1.77657616,2.82278180,8.83913517,11.07207966,3
B6,2,pm_peak,60,60min,87655,1.79219079,2.84842801,8.91682434,11.22749329,3
B6,2,pm_peak,-1,mean,350620,1.76301372,2.79455376,8.77165699,10.97941685,12
B6,2,off_peak,15,15min,275519,1.85717809,2.77840209,7.87238932,9.38640499,30
B6,2,off_peak,30,30min,276340,1.85264027,2.77028179,7.85712767,9.36758804,28
B6,2,off_peak,45,45min,277070,1.84943652,2.76243067,7.84604645,9.34037590,25
B6,2,off_peak,60,60min,277737,1.84816980,2.75473690,7.84290648,9.33642673,26
B6,2,off_peak,-1,mean,1106666,1.85184598,2.76645064,7.85458899,9.35763836,109
B7,0,all,15,15min,628205,1.66809380,2.53029823,7.60005045,9.06425953,39
B7,0,all,30,30min,629026,1.67616999,2.54825640,7.63792419,9.12969589,37
B7,0,all,45,45min,629756,1.68279147,2.55823588,7.66859293,9.17660332,34
B7,0,all,60,60min,630423,1.69057500,2.56708217,7.70449734,9.23532963,35
B7,0,all,-1,mean,2517410,1.67941856,2.55102253,7.65281391,9.15155411,145
B7,0,am_peak,15,15min,88344,1.55979133,2.34707403,7.48009300,8.78092670,1
B7,0,am_peak,30,30min,88344,1.58577693,2.39383149,7.60470915,8.94259262,1
B7,0,am_peak,45,45min,88344,1.61515474,2.43808389,7.74559307,9.12717152,1
B7,0,am_peak,60,60min,88344,1.65074527,2.48904109,7.91626930,9.36279583,1
B7,0,am_peak,-1,mean,353376,1.60286701,2.41757965,7.68666649,9.05337143,4
B7,0,inter_peak,15,15min,176687,1.41099286,2.11916685,6.76651955,7.91296816,5
B7,0,inter_peak,30,30min,176687,1.42111886,2.13761830,6.81507969,7.98271513,5
B7,0,inter_peak,45,45min,176687,1.42773521,2.14750886,6.84680843,8.02880096,5
B7,0,inter_peak,60,60min,176687,1.43445706,2.15874195,6.87904358,8.06781673,5
B7,0,inter_peak,-1,mean,706748,1.42357600,2.14080811,6.82686329,7.99807453,20
B7,0,pm_peak,15,15min,87655,1.72191811,2.70185924,8.56719208,10.67440319,3
B7,0,pm_peak,30,30min,87655,1.74736643,2.76468968,8.69380569,10.87574387,3
B7,0,pm_peak,45,45min,87655,1.76684582,2.80003214,8.79072380,11.03284550,3
B7,0,pm_peak,60,60min,87655,1.78139544,2.82419229,8.86311340,11.17802429,3
B7,0,pm_peak,-1,mean,350620,1.75438154,2.77307558,8.72870922,10.94025421,12
B7,0,off_peak,15,15min,275519,1.85057235,2.76210523,7.84438848,9.38118935,30
B7,0,off_peak,30,30min,276340,1.84556007,2.75738049,7.82709932,9.36904526,28
B7,0,off_peak,45,45min,277070,1.84041440,2.74929547,7.80777121,9.33708000,25
B7,0,off_peak,60,60min,277737,1.83751440,2.73963237,7.79768991,9.32440281,26
B7,0,off_peak,-1,mean,1106666,1.84350049,2.75209165,7.81919146,9.35286236,109
B7,1,all,15,15min,628205,1.67834461,2.54172468,7.64675522,9.17466164,39
B7,1,all,30,30min,629026,1.68646073,2.56150508,7.68481636,9.24160099,37
B7,1,all,45,45min,629756,1.69392550,2.57508302,7.71933126,9.29488277,34
B7,1,all,60,60min,630423,1.70199931,2.58677244,7.75656176,9.35305882,35
B7,1,all,-1,mean,2517410,1.69019413,2.56634784,7.70191622,9.26613808,145
B7,1,am_peak,15,15min,88344,1.59063685,2.36846066,7.62801552,8.90298367,1
B7,1,am_peak,30,30min,88344,1.61965334,2.42191672,7.76716614,9.09471989,1
B7,1,am_peak,45,45min,88344,1.65254676,2.47546506,7.92490911,9.31929779,1
B7,1,am_peak,60,60min,88344,1.68648970,2.52738953,8.08768463,9.56058311,1
B7,1,am_peak,-1,mean,353376,1.63733172,2.44902587,7.85194397,9.21939564,4
B7,1,inter_peak,15,15min,176687,1.41027391,2.11377335,6.76307154,7.93189096,5
B7,1,inter_peak,30,30min,176687,1.42189467,2.13579965,6.81879950,8.00771713,5
B7,1,inter_peak,45,45min,176687,1.43015826,2.14801049,6.85842848,8.05902672,5
B7,1,inter_peak,60,60min,176687,1.43791366,2.15978599,6.89562035,8.09899235,5
B7,1,inter_peak,-1,mean,706748,1.42506015,2.13941002,6.83398008,8.02440739,20
B7,1,pm_peak,15,15min,87655,1.73405933,2.74717045,8.62759876,10.89982224,3
B7,1,pm_peak,30,30min,87655,1.76287329,2.81156516,8.77095795,11.11904335,3
B7,1,pm_peak,45,45min,87655,1.78703368,2.85927939,8.89116573,11.30795670,3
B7,1,pm_peak,60,60min,87655,1.80661952,2.89721894,8.98861313,11.47839165,3
B7,1,pm_peak,-1,mean,350620,1.77264655,2.82936382,8.81958389,11.20130444,12
B7,1,off_peak,15,15min,275519,1.86065340,2.76859546,7.88712120,9.50992966,30
B7,1,off_peak,30,30min,276340,1.85273945,2.76334262,7.85754776,9.48198032,28
B7,1,off_peak,45,45min,277070,1.84586680,2.75484586,7.83090210,9.43835163,25
B7,1,off_peak,60,60min,277737,1.84191620,2.74590778,7.81636906,9.41408539,26
B7,1,off_peak,-1,mean,1106666,1.85027277,2.75816107,7.84791613,9.46097565,109
B7,2,all,15,15min,628205,1.66079390,2.53222084,7.56679106,9.02735806,39
B7,2,all,30,30min,629026,1.66987956,2.55142450,7.60926008,9.09632206,37
B7,2,all,45,45min,629756,1.67783093,2.56325936,7.64598751,9.15047169,34
B7,2,all,60,60min,630423,1.68618369,2.57376218,7.68448496,9.21001911,35
B7,2,all,-1,mean,2517410,1.67368448,2.55523348,7.62668467,9.12113190,145
B7,2,am_peak,15,15min,88344,1.55180836,2.34191561,7.44181061,8.80184650,1
B7,2,am_peak,30,30min,88344,1.58377552,2.39969301,7.59511137,9.00386620,1
B7,2,am_peak,45,45min,88344,1.61669016,2.45300341,7.75295591,9.21597290,1
B7,2,am_peak,60,60min,88344,1.64740968,2.50290322,7.90027380,9.42614365,1
B7,2,am_peak,-1,mean,353376,1.59992087,2.42512083,7.67253733,9.11195755,4
B7,2,inter_peak,15,15min,176687,1.40908980,2.11516333,6.75739336,7.86419487,5
B7,2,inter_peak,30,30min,176687,1.41826439,2.13159037,6.80139160,7.92683458,5
B7,2,inter_peak,45,45min,176687,1.42443705,2.13930821,6.83099270,7.96694088,5
B7,2,inter_peak,60,60min,176687,1.43164968,2.14939404,6.86558104,8.00486469,5
B7,2,inter_peak,-1,mean,706748,1.42086017,2.13390064,6.81383896,7.94070864,20
B7,2,pm_peak,15,15min,87655,1.71424437,2.72074699,8.52901173,10.72146797,3
B7,2,pm_peak,30,30min,87655,1.74045658,2.78540635,8.65942669,10.91885185,3
B7,2,pm_peak,45,45min,87655,1.76214671,2.82560706,8.76734447,11.09197140,3
B7,2,pm_peak,60,60min,87655,1.77935445,2.85738659,8.85295868,11.24506569,3
B7,2,pm_peak,-1,mean,350620,1.74905062,2.79775214,8.70218563,10.99433899,12
B7,2,off_peak,15,15min,275519,1.84014916,2.76359534,7.80020571,9.30664444,30
B7,2,off_peak,30,30min,276340,1.83589756,2.75879025,7.78612041,9.29554367,28
B7,2,off_peak,45,45min,277070,1.83224010,2.75149727,7.77309227,9.27010918,25
B7,2,off_peak,60,60min,277737,1.83103824,2.74365163,7.77020693,9.26568985,26
B7,2,off_peak,-1,mean,1106666,1.83482099,2.75437164,7.78237724,9.28444672,109
