model,period,horizon_min,horizon_label,n_seed,n,MAE_mean,MAE_std,RMSE_mean,RMSE_std,WMAPE_mean,WMAPE_std,MAPE_mean,MAPE_std
B0,all,-1,四时距汇总,3,2517410,1.77295939,0.00298894,2.68064936,0.00169633,8.07906246,0.01362014,9.69976044,0.04343866
B0,all,15,15分钟,3,628205,1.69217583,0.00155882,2.55844140,0.00065925,7.70977116,0.00710219,9.22600810,0.03707289
B0,all,30,30分钟,3,629026,1.74791066,0.00199466,2.65050022,0.00299242,7.96483024,0.00908923,9.56722927,0.04023304
B0,all,45,45分钟,3,629756,1.79970078,0.00315106,2.72061125,0.00287443,8.20135657,0.01436004,9.85458851,0.04346088
B0,all,60,60分钟,3,630423,1.85173897,0.00552199,2.78722644,0.00229836,8.43897343,0.02516576,10.14941565,0.05323697
B0,am_peak,-1,四时距汇总,3,353368,1.86500514,0.01225322,2.73802622,0.02049714,8.92018954,0.05860630,10.44062583,0.08250158
B0,am_peak,15,15分钟,3,88342,1.65822005,0.00528037,2.45925593,0.00787344,7.93115155,0.02525589,9.30307452,0.03599523
B0,am_peak,30,30分钟,3,88342,1.79323685,0.00984337,2.64864898,0.01658975,8.57692782,0.04708004,10.06003539,0.06405147
B0,am_peak,45,45分钟,3,88342,1.93189251,0.01435589,2.81710108,0.02511193,9.24010817,0.06866349,10.80061340,0.10031129
B0,am_peak,60,60分钟,3,88342,2.07667089,0.01961565,2.99793386,0.03023408,9.93257300,0.09382038,11.59878000,0.13252079
B0,inter_peak,-1,四时距汇总,3,706724,1.45260056,0.00261445,2.19568698,0.00172497,6.96215947,0.01253082,8.30391693,0.03411854
B0,inter_peak,15,15分钟,3,176681,1.40067979,0.00206237,2.10988379,0.00403772,6.71330865,0.00988476,7.97360198,0.03207523
B0,inter_peak,30,30分钟,3,176681,1.43722280,0.00250140,2.17954461,0.00336345,6.88845539,0.01198899,8.21753534,0.03608578
B0,inter_peak,45,45分钟,3,176681,1.47010068,0.00232468,2.22547317,0.00060384,7.04603593,0.01114206,8.41956615,0.03391354
B0,inter_peak,60,60分钟,3,176681,1.50239913,0.00396317,2.26481533,0.00247906,7.20083841,0.01899482,8.60496457,0.03644542
B0,pm_peak,-1,四时距汇总,3,350696,1.83502086,0.00386591,2.93782369,0.00420200,9.14302508,0.01926217,11.59453646,0.06495052
B0,pm_peak,15,15分钟,3,87674,1.71072185,0.00354623,2.69401813,0.00699445,8.52370230,0.01766928,10.67150275,0.04676942
B0,pm_peak,30,30分钟,3,87674,1.81160883,0.00272587,2.89426780,0.00514837,9.02637355,0.01358211,11.41866461,0.06097455
B0,pm_peak,45,45分钟,3,87674,1.87889087,0.00446423,3.01620340,0.00388801,9.36160723,0.02224276,11.91391563,0.07237090
B0,pm_peak,60,60分钟,3,87674,1.93886209,0.00569690,3.12908912,0.00310964,9.66041470,0.02838495,12.37406476,0.08327547
B0,off_peak,-1,四时距汇总,3,1106622,1.92849080,0.00223512,2.85284519,0.00972631,8.18514729,0.00948665,9.75416438,0.03073121
B0,off_peak,15,15分钟,3,275508,1.88409579,0.00052484,2.79667838,0.00320773,7.99185069,0.00222605,9.54449781,0.03871567
B0,off_peak,30,30分钟,3,276329,1.91185927,0.00299409,2.83789762,0.01132945,8.11370500,0.01270635,9.68525251,0.02946797
B0,off_peak,45,45分钟,3,277059,1.94267774,0.00322157,2.87333767,0.01437958,8.24711800,0.01367689,9.81640371,0.02403716
B0,off_peak,60,60分钟,3,277726,1.97492627,0.00427057,2.90189838,0.01002052,8.38639673,0.01813481,9.96863047,0.03317624
B1,all,-1,四时距汇总,3,2517410,1.73423338,0.00322661,2.62511945,0.00400524,7.90259536,0.01470297,9.46740341,0.01092432
B1,all,15,15分钟,3,628205,1.66403862,0.00078141,2.52180147,0.00160734,7.58157476,0.00356027,9.06307220,0.01965487
B1,all,30,30分钟,3,629026,1.71210730,0.00182475,2.59976188,0.00334897,7.80168231,0.00831490,9.35342407,0.01530908
B1,all,45,45分钟,3,629756,1.75721312,0.00416774,2.65865159,0.00436931,8.00773732,0.01899234,9.59845034,0.00800586
B1,all,60,60分钟,3,630423,1.80330296,0.00651038,2.71593912,0.00812792,8.21823502,0.02966976,9.85312716,0.00690953
B1,am_peak,-1,四时距汇总,3,353368,1.81671711,0.01389591,2.67080681,0.01391361,8.68923155,0.06646305,10.10363134,0.03806941
B1,am_peak,15,15分钟,3,88342,1.62766318,0.00337572,2.42543689,0.00117060,7.78500032,0.01614615,9.14644623,0.00929423
B1,am_peak,30,30分钟,3,88342,1.75079334,0.01065209,2.58840513,0.00868505,8.37392330,0.05094821,9.78422324,0.02264231
B1,am_peak,45,45分钟,3,88342,1.87486780,0.01896627,2.73588943,0.01917826,8.96736336,0.09071441,10.38858350,0.05806720
B1,am_peak,60,60分钟,3,88342,2.01354369,0.02314843,2.90944624,0.02470237,9.63064035,0.11071756,11.09527238,0.07699618
B1,inter_peak,-1,四时距汇总,3,706724,1.41975300,0.00150869,2.14646053,0.00462313,6.80472469,0.00723103,8.09276454,0.02652093
B1,inter_peak,15,15分钟,3,176681,1.37602369,0.00033142,2.07533614,0.00324937,6.59513442,0.00158869,7.81978766,0.03152479
B1,inter_peak,30,30分钟,3,176681,1.40505791,0.00126173,2.13100195,0.00428444,6.73429235,0.00604741,8.01121632,0.02533492
B1,inter_peak,45,45分钟,3,176681,1.43467601,0.00210778,2.17169992,0.00534868,6.87624915,0.01010240,8.18955708,0.02047152
B1,inter_peak,60,60分钟,3,176681,1.46325457,0.00240729,2.20560217,0.00679028,7.01322301,0.01153758,8.35049884,0.02937274
B1,pm_peak,-1,四时距汇总,3,350696,1.80587141,0.00475988,2.88490041,0.01350766,8.99778748,0.02371605,11.37049739,0.07528172
B1,pm_peak,15,15分钟,3,87674,1.68970978,0.00379775,2.65903155,0.00185597,8.41900921,0.01892219,10.53010178,0.06595171
B1,pm_peak,30,30分钟,3,87674,1.78262715,0.00324291,2.84930046,0.01368901,8.88197200,0.01615777,11.20356528,0.07922105
B1,pm_peak,45,45分钟,3,87674,1.84791545,0.00583368,2.95952519,0.01633505,9.20727253,0.02906688,11.66851012,0.08280848
B1,pm_peak,60,60分钟,3,87674,1.90323345,0.00833068,3.05656703,0.02284041,9.48289490,0.04150825,12.07981364,0.07857083
B1,off_peak,-1,四时距汇总,3,1106622,1.88602928,0.00136092,2.79622380,0.00399202,8.00492668,0.00577655,9.53904343,0.00334592
B1,off_peak,15,15分钟,3,275508,1.85223500,0.00043705,2.75723076,0.00199946,7.85670551,0.00185365,9.36683400,0.00360350
B1,off_peak,30,30分钟,3,276329,1.87368794,0.00112708,2.78639054,0.00558681,7.95171038,0.00478300,9.48689461,0.00229536
B1,off_peak,45,45分钟,3,277059,1.89667845,0.00158324,2.81076900,0.00601251,8.05183983,0.00672105,9.58991623,0.00498721
B1,off_peak,60,60分钟,3,277726,1.92120945,0.00398027,2.82965144,0.00327748,8.15829150,0.01690206,9.71100934,0.01159018
B2,all,-1,四时距汇总,3,2517410,1.73318267,0.00455218,2.63040296,0.00805418,7.89780744,0.02074335,9.46868324,0.01273012
B2,all,15,15分钟,3,628205,1.70042646,0.00651204,2.57684350,0.01041026,7.74736245,0.02966981,9.27470144,0.00892700
B2,all,30,30分钟,3,629026,1.71126088,0.00501299,2.60101589,0.00865856,7.79782565,0.02284304,9.35366503,0.00966332
B2,all,45,45分钟,3,629756,1.73888795,0.00347020,2.64058145,0.00685861,7.92422867,0.01581378,9.50531451,0.01671656
B2,all,60,60分钟,3,630423,1.78199760,0.00325334,2.70124491,0.00674924,8.12113953,0.01482686,9.74015172,0.02003777
B2,am_peak,-1,四时距汇总,3,353368,1.79133161,0.00308042,2.66578221,0.00558680,8.56781451,0.01473344,9.98689683,0.06132887
B2,am_peak,15,15分钟,3,88342,1.71782366,0.02422482,2.55182918,0.02724536,8.21623198,0.11586550,9.50407473,0.05656050
B2,am_peak,30,30分钟,3,88342,1.71018895,0.01140160,2.54482500,0.00628601,8.17971516,0.05453288,9.51829497,0.03564931
B2,am_peak,45,45分钟,3,88342,1.78754143,0.00712199,2.66104190,0.01478382,8.54968707,0.03406456,9.99463781,0.11045291
B2,am_peak,60,60分钟,3,88342,1.94977232,0.01716201,2.89045580,0.02929873,9.32562606,0.08208496,10.93058173,0.16639006
B2,inter_peak,-1,四时距汇总,3,706724,1.43969937,0.00371289,2.17581304,0.00860542,6.90032578,0.01779582,8.19314416,0.01512256
B2,inter_peak,15,15分钟,3,176681,1.41754349,0.00469768,2.13069550,0.01170594,6.79413478,0.02251520,8.03946273,0.01401997
B2,inter_peak,30,30分钟,3,176681,1.43370418,0.00420756,2.17023460,0.01037992,6.87159109,0.02016649,8.15862147,0.01544082
B2,inter_peak,45,45分钟,3,176681,1.44605462,0.00338197,2.19040593,0.00746231,6.93078566,0.01620954,8.24489085,0.01587677
B2,inter_peak,60,60分钟,3,176681,1.46149508,0.00257090,2.21109891,0.00516474,7.00479031,0.01232220,8.32960097,0.01649462
B2,pm_peak,-1,四时距汇总,3,350696,1.81704748,0.01061818,2.91387757,0.02787397,9.05347284,0.05290464,11.50665665,0.06079772
B2,pm_peak,15,15分钟,3,87674,1.74610158,0.00860896,2.77982100,0.02689914,8.69998264,0.04289448,11.11242580,0.08555706
B2,pm_peak,30,30分钟,3,87674,1.79223184,0.01024045,2.87258395,0.02813941,8.92982737,0.05102346,11.36470350,0.06222330
B2,pm_peak,45,45分钟,3,87674,1.83979595,0.01156008,2.95101428,0.02855197,9.16681639,0.05759876,11.62541167,0.05311853
B2,pm_peak,60,60分钟,3,87674,1.89006062,0.01356313,3.04548756,0.02969715,9.41726081,0.06757884,11.92408466,0.04676296
B2,off_peak,-1,四时距汇总,3,1106622,1.87546488,0.00518929,2.78500764,0.00381923,7.96008809,0.02202533,9.47197247,0.01153056
B2,off_peak,15,15分钟,3,275508,1.86172354,0.00362310,2.77160907,0.00291581,7.89695342,0.01536816,9.40851243,0.00511910
B2,off_peak,30,30分钟,3,276329,1.86337900,0.00380106,2.77490576,0.00288662,7.90796041,0.01613098,9.42708429,0.00612350
B2,off_peak,45,45分钟,3,277059,1.87818289,0.00548205,2.78843856,0.00382880,7.97332207,0.02327242,9.48218282,0.01510155
B2,off_peak,60,60分钟,3,277726,1.89841016,0.00785746,2.80480218,0.00626062,8.06147607,0.03336641,9.56940238,0.02307639
B3,all,-1,四时距汇总,3,2517410,1.71853387,0.00205825,2.60597324,0.00874664,7.83105532,0.00937906,9.36158848,0.01734918
B3,all,15,15分钟,3,628205,1.68925989,0.00141187,2.55730255,0.00687461,7.69648600,0.00643253,9.18188953,0.01161304
B3,all,30,30分钟,3,629026,1.69667824,0.00180114,2.57727337,0.00845358,7.73137601,0.00820744,9.24529330,0.01640411
B3,all,45,45分钟,3,629756,1.72224458,0.00277362,2.61352491,0.00960099,7.84838374,0.01263939,9.38899962,0.02062162
B3,all,60,60分钟,3,630423,1.76580532,0.00338796,2.67405279,0.01009436,8.04734643,0.01543976,9.62930775,0.02345372
B3,am_peak,-1,四时距汇总,3,353368,1.78826006,0.01066554,2.65737669,0.02081474,8.55312347,0.05101217,9.91595809,0.06782034
B3,am_peak,15,15分钟,3,88342,1.72600337,0.00529793,2.55800382,0.00657127,8.25535456,0.02533954,9.48540688,0.00459851
B3,am_peak,30,30分钟,3,88342,1.71192563,0.00963212,2.54428617,0.01940596,8.18802166,0.04607004,9.46763293,0.05488985
B3,am_peak,45,45分钟,3,88342,1.77783473,0.01595272,2.64554286,0.02718210,8.50326029,0.07630082,9.89116605,0.09294307
B3,am_peak,60,60分钟,3,88342,1.93727644,0.02109839,2.86887527,0.03254957,9.26585897,0.10091234,10.81962776,0.12760933
B3,inter_peak,-1,四时距汇总,3,706724,1.42256860,0.00314067,2.14439376,0.00380548,6.81821966,0.01505297,8.07921727,0.00953860
B3,inter_peak,15,15分钟,3,176681,1.40346519,0.00497958,2.10243034,0.00628814,6.72665898,0.02386647,7.93141127,0.02021774
B3,inter_peak,30,30分钟,3,176681,1.41564731,0.00337450,2.13634841,0.00479093,6.78504658,0.01617377,8.03692150,0.01165220
B3,inter_peak,45,45分钟,3,176681,1.42748721,0.00205798,2.15766668,0.00232089,6.84179417,0.00986377,8.12763468,0.00372534
B3,inter_peak,60,60分钟,3,176681,1.44367480,0.00218574,2.18035809,0.00197090,6.91937923,0.01047576,8.22090085,0.00339211
B3,pm_peak,-1,四时距汇总,3,350696,1.79794876,0.00534000,2.85434882,0.01228121,8.95831299,0.02660620,11.22511323,0.04391230
B3,pm_peak,15,15分钟,3,87674,1.72167548,0.00461343,2.71312316,0.01777623,8.57827918,0.02298646,10.80597115,0.06898020
B3,pm_peak,30,30分钟,3,87674,1.77061884,0.00484246,2.81144285,0.01688498,8.82214006,0.02412754,11.06549676,0.05787922
B3,pm_peak,45,45分钟,3,87674,1.82150722,0.00608151,2.89131443,0.01027543,9.07569281,0.03030162,11.34339873,0.03326410
B3,pm_peak,60,60分钟,3,87674,1.87799327,0.00762151,2.99401816,0.00556340,9.35713514,0.03797421,11.68558502,0.01629666
B3,off_peak,-1,四时距汇总,3,1106622,1.86011461,0.00319671,2.77037740,0.01438725,7.89493624,0.01356817,9.41298135,0.02099882
B3,off_peak,15,15分钟,3,275508,1.85044018,0.00358724,2.76338442,0.01583448,7.84909248,0.01521620,9.36968931,0.02398571
B3,off_peak,30,30分钟,3,276329,1.84803128,0.00373056,2.76125948,0.01534514,7.84282684,0.01583214,9.36933359,0.02406717
B3,off_peak,45,45分钟,3,277059,1.86107548,0.00316509,2.77122060,0.01357472,7.90069755,0.01343634,9.41480986,0.02057602
B3,off_peak,60,60分钟,3,277726,1.88077561,0.00256204,2.78547923,0.01288823,7.98659197,0.01087946,9.49752998,0.01563317
B4,all,-1,四时距汇总,3,2517410,1.67924352,0.01406993,2.54861410,0.01754048,7.65201648,0.06411420,9.11922232,0.06189101
B4,all,15,15分钟,3,628205,1.66974966,0.01298106,2.52765449,0.01724836,7.60759497,0.05914342,9.04056009,0.05682348
B4,all,30,30分钟,3,629026,1.67598848,0.01389701,2.54474664,0.01784445,7.63709736,0.06332525,9.09604454,0.06114664
B4,all,45,45分钟,3,629756,1.68204530,0.01458326,2.55606802,0.01784738,7.66519292,0.06645689,9.14199575,0.06468372
B4,all,60,60分钟,3,630423,1.68915304,0.01482144,2.56575513,0.01727135,7.69801696,0.06754633,9.19798470,0.06500427
B4,am_peak,-1,四时距汇总,3,353368,1.61352893,0.00628516,2.41310557,0.00915392,7.71739674,0.03006133,9.02036730,0.04497449
B4,am_peak,15,15分钟,3,88342,1.58911784,0.00796455,2.35262871,0.00603451,7.60064093,0.03809407,8.79579608,0.02386752
B4,am_peak,30,30分钟,3,88342,1.60135837,0.00650634,2.39050166,0.00917979,7.65918652,0.03111919,8.91713905,0.04186959
B4,am_peak,45,45分钟,3,88342,1.62100367,0.00737378,2.43232052,0.01045535,7.75314824,0.03526819,9.08865007,0.05453522
B4,am_peak,60,60分钟,3,88342,1.64263586,0.00904961,2.47522370,0.01197180,7.85661395,0.04328348,9.27988497,0.06728927
B4,inter_peak,-1,四时距汇总,3,706724,1.41104134,0.00827202,2.12482079,0.00763911,6.76297029,0.03964698,7.90967115,0.02168853
B4,inter_peak,15,15分钟,3,176681,1.39901114,0.00825387,2.10120543,0.00736509,6.70531098,0.03956010,7.82989359,0.02136708
B4,inter_peak,30,30分钟,3,176681,1.40849900,0.00828925,2.12155509,0.00749679,6.75078535,0.03972972,7.89524508,0.02194346
B4,inter_peak,45,45分钟,3,176681,1.41473893,0.00832498,2.13301341,0.00780829,6.78069242,0.03990076,7.93769328,0.02214456
B4,inter_peak,60,60分钟,3,176681,1.42191629,0.00822529,2.14327908,0.00794759,6.81509320,0.03942300,7.97585360,0.02130249
B4,pm_peak,-1,四时距汇总,3,350696,1.79111759,0.05701259,2.81835278,0.06286229,8.92427603,0.28406597,11.03664525,0.20464095
B4,pm_peak,15,15分钟,3,87674,1.76011646,0.05697839,2.75285896,0.06700911,8.76981195,0.28389575,10.76589616,0.20996622
B4,pm_peak,30,30分钟,3,87674,1.78583519,0.05741722,2.81019394,0.06490129,8.89795589,0.28608226,10.97328726,0.20896672
B4,pm_peak,45,45分钟,3,87674,1.80328476,0.05761432,2.84256657,0.06229871,8.98489889,0.28706440,11.13211505,0.20626826
B4,pm_peak,60,60分钟,3,87674,1.81523383,0.05609886,2.86648933,0.05749826,9.04443582,0.27951370,11.27528127,0.19388102
B4,off_peak,-1,四时距汇总,3,1106622,1.83605651,0.00784954,2.74143497,0.01121730,7.79282618,0.03331607,9.31563155,0.04960851
B4,off_peak,15,15分钟,3,275508,1.84046964,0.00654796,2.74763020,0.01094730,7.80680005,0.02777472,9.34642442,0.04641905
B4,off_peak,30,30分钟,3,276329,1.83602460,0.00724964,2.74407093,0.01111815,7.79187155,0.03076663,9.32543437,0.04765741
B4,off_peak,45,45分钟,3,277059,1.83360521,0.00836092,2.73956068,0.01141903,7.78407939,0.03549403,9.29725266,0.05200628
B4,off_peak,60,60分钟,3,277726,1.83415592,0.00940386,2.73451789,0.01155864,7.78862429,0.03993301,9.29366748,0.05320760
B5,all,-1,四时距汇总,3,2517410,1.67255239,0.00262959,2.54242770,0.00667977,7.62152608,0.01198263,9.09307861,0.01443336
B5,all,15,15分钟,3,628205,1.66160214,0.00184227,2.51933304,0.00527049,7.57047351,0.00839357,9.00490061,0.01243126
B5,all,30,30分钟,3,629026,1.66886910,0.00221933,2.53849252,0.00622513,7.60465590,0.01011292,9.06695302,0.01200860
B5,all,45,45分钟,3,629756,1.67581924,0.00280281,2.55040161,0.00731479,7.63682016,0.01277254,9.11901220,0.01419440
B5,all,60,60分钟,3,630423,1.68387568,0.00365645,2.56121167,0.00789713,7.67396641,0.01666380,9.18110879,0.01955150
B5,am_peak,-1,四时距汇总,3,353368,1.60911846,0.00742890,2.40148346,0.01126904,7.69630194,0.03553190,8.95458253,0.05344955
B5,am_peak,15,15分钟,3,88342,1.58478264,0.00821277,2.34162108,0.00794649,7.57990599,0.03928100,8.72196293,0.04703903
B5,am_peak,30,30分钟,3,88342,1.59664432,0.00570567,2.38076520,0.00949814,7.63663928,0.02728993,8.84678555,0.04081535
B5,am_peak,45,45分钟,3,88342,1.61636043,0.00790701,2.42129676,0.01287226,7.73094002,0.03781858,9.02589194,0.05429096
B5,am_peak,60,60分钟,3,88342,1.63868670,0.01384534,2.46057081,0.01893712,7.83772516,0.06622123,9.22369067,0.08850168
B5,inter_peak,-1,四时距汇总,3,706724,1.40876400,0.00346610,2.12123807,0.00272851,6.75205517,0.01661258,7.90844282,0.00403603
B5,inter_peak,15,15分钟,3,176681,1.39539440,0.00371412,2.09668422,0.00306421,6.68797636,0.01780135,7.82051675,0.00456176
B5,inter_peak,30,30分钟,3,176681,1.40607337,0.00369129,2.11795823,0.00285017,6.73915958,0.01769201,7.89365196,0.00525990
B5,inter_peak,45,45分钟,3,176681,1.41296653,0.00330418,2.12927000,0.00233105,6.77219756,0.01583644,7.93905099,0.00347800
B5,inter_peak,60,60分钟,3,176681,1.42062155,0.00319978,2.14078959,0.00281465,6.80888764,0.01533610,7.98055156,0.00340279
B5,pm_peak,-1,四时距汇总,3,350696,1.75882649,0.00591806,2.79411642,0.01939549,8.76338514,0.02948725,10.94002406,0.03518256
B5,pm_peak,15,15分钟,3,87674,1.72606262,0.00700003,2.72632996,0.02207152,8.60013771,0.03487777,10.66042010,0.03967283
B5,pm_peak,30,30分钟,3,87674,1.75201587,0.00704211,2.78576477,0.02191070,8.72945054,0.03508755,10.86857732,0.03795550
B5,pm_peak,45,45分钟,3,87674,1.77104139,0.00604109,2.81821068,0.01969464,8.82424545,0.03009958,11.03465525,0.03684388
B5,pm_peak,60,60分钟,3,87674,1.78618598,0.00395588,2.84475303,0.01437593,8.89970366,0.01971033,11.19644451,0.02632917
B5,off_peak,-1,四时距汇总,3,1106622,1.83393093,0.00398610,2.74137600,0.00668417,7.78380426,0.01691825,9.30857118,0.01245346
B5,off_peak,15,15分钟,3,275508,1.83643818,0.00264305,2.74398875,0.00542881,7.78969940,0.01121087,9.32837009,0.00737678
B5,off_peak,30,30分钟,3,276329,1.83360612,0.00318984,2.74339191,0.00568017,7.78160810,0.01353727,9.31594658,0.00977016
B5,off_peak,45,45分钟,3,277059,1.83226717,0.00427019,2.74060082,0.00670698,7.77839931,0.01812811,9.29499658,0.01296965
B5,off_peak,60,60分钟,3,277726,1.83342644,0.00585799,2.73754517,0.00897090,7.78552691,0.02487545,9.29513327,0.01993054
B6,all,-1,四时距汇总,3,2517410,1.68498464,0.00860517,2.55429594,0.00805697,7.67817752,0.03921221,9.16005294,0.02935922
B6,all,15,15分钟,3,628205,1.67548196,0.00857317,2.53595479,0.00793446,7.63371213,0.03906073,9.08741093,0.02682641
B6,all,30,30分钟,3,629026,1.68233438,0.00833604,2.55097016,0.00797703,7.66601435,0.03798530,9.14086819,0.02759220
B6,all,45,45分钟,3,629756,1.68802528,0.00848976,2.56084116,0.00800538,7.69244385,0.03868858,9.18166733,0.02964137
B6,all,60,60分钟,3,630423,1.69406096,0.00909620,2.56923207,0.00858381,7.72038396,0.04145407,9.22998842,0.03356372
B6,am_peak,-1,四时距汇总,3,353368,1.62492494,0.00625944,2.42362150,0.00407249,7.77190320,0.02993849,9.06292502,0.01624384
B6,am_peak,15,15分钟,3,88342,1.59355668,0.00804935,2.36444497,0.00349301,7.62187147,0.03849947,8.85551771,0.02105048
B6,am_peak,30,30分钟,3,88342,1.61313649,0.00560929,2.40400783,0.00078729,7.71552022,0.02682891,8.97983106,0.01119756
B6,am_peak,45,45分钟,3,88342,1.63503571,0.00530323,2.44223070,0.00348097,7.82026291,0.02536514,9.12562052,0.01258582
B6,am_peak,60,60分钟,3,88342,1.65797075,0.00649597,2.48221080,0.00958844,7.92995930,0.03106975,9.29073111,0.02339050
B6,inter_peak,-1,四时距汇总,3,706724,1.42984132,0.02029759,2.13531462,0.01595993,6.85307662,0.09728412,7.99692663,0.07138476
B6,inter_peak,15,15分钟,3,176681,1.41756352,0.02024121,2.11365485,0.01499630,6.79423062,0.09701392,7.92178186,0.07169149
B6,inter_peak,30,30分钟,3,176681,1.42729656,0.02029426,2.13185755,0.01574132,6.84088008,0.09726813,7.98363654,0.07211549
B6,inter_peak,45,45分钟,3,176681,1.43383054,0.02033814,2.14267675,0.01655012,6.87219667,0.09747907,8.02319336,0.07144050
B6,inter_peak,60,60分钟,3,176681,1.44067458,0.02032197,2.15287169,0.01654173,6.90499957,0.09740101,8.05909332,0.07031378
B6,pm_peak,-1,四时距汇总,3,350696,1.76935581,0.00854751,2.80484756,0.01119058,8.81584740,0.04258828,11.03002389,0.03085401
B6,pm_peak,15,15分钟,3,87674,1.73590795,0.00597811,2.73601667,0.00681357,8.64919281,0.02978599,10.76232847,0.01119553
B6,pm_peak,30,30分钟,3,87674,1.76156616,0.00742711,2.79181258,0.00979249,8.77703540,0.03700547,10.95661831,0.02215985
B6,pm_peak,45,45分钟,3,87674,1.78234557,0.00925127,2.83047922,0.01251067,8.88056914,0.04609468,11.12622929,0.03823537
B6,pm_peak,60,60分钟,3,87674,1.79760329,0.01156675,2.85954118,0.01696907,8.95659097,0.05763134,11.27491792,0.05533328
B6,off_peak,-1,四时距汇总,3,1106622,1.84036787,0.00884701,2.74976476,0.01312880,7.81112464,0.03754956,9.34129842,0.02239891
B6,off_peak,15,15分钟,3,275508,1.84792300,0.00723415,2.76114535,0.01326228,7.83841499,0.03068533,9.37631035,0.01748548
B6,off_peak,30,30分钟,3,276329,1.84238593,0.00786841,2.75438992,0.01244853,7.81886832,0.03339291,9.35619609,0.01860945
B6,off_peak,45,45分钟,3,277059,1.83717453,0.00942919,2.74610885,0.01292286,7.79923201,0.04002902,9.32297516,0.02318524
B6,off_peak,60,60分钟,3,277726,1.83405105,0.01094131,2.73746332,0.01388970,7.78817924,0.04646186,9.31002235,0.03041325
B7,all,-1,四时距汇总,3,2517410,1.68109906,0.00684399,2.55753462,0.00646466,7.66047160,0.03118682,9.17960803,0.06243378
B7,all,15,15分钟,3,628205,1.66907744,0.00719873,2.53474792,0.00499537,7.60453224,0.03279870,9.08875974,0.06258211
B7,all,30,30分钟,3,629026,1.67750343,0.00683459,2.55372866,0.00564882,7.64400021,0.03114350,9.15587298,0.06213116
B7,all,45,45分钟,3,629756,1.68484930,0.00672977,2.56552609,0.00706211,7.67797057,0.03066792,9.20731926,0.06282909
B7,all,60,60分钟,3,630423,1.69291933,0.00666610,2.57587226,0.00817582,7.71518135,0.03037957,9.26613585,0.06232633
B7,am_peak,-1,四时距汇总,3,353368,1.61617716,0.01671772,2.43365582,0.01302385,7.73006296,0.07995988,9.12120183,0.06715852
B7,am_peak,15,15分钟,3,88342,1.57175966,0.01663964,2.35745597,0.01138740,7.51761770,0.07958631,8.82550335,0.05237591
B7,am_peak,30,30分钟,3,88342,1.59986051,0.01623306,2.40895128,0.01169605,7.65202252,0.07764175,9.00822798,0.06085421
B7,am_peak,45,45分钟,3,88342,1.63042482,0.01682675,2.45812678,0.01486950,7.79820887,0.08048126,9.21273613,0.07639767
B7,am_peak,60,60分钟,3,88342,1.66266374,0.01739065,2.50751742,0.01540687,7.95240561,0.08317813,9.43833860,0.08078700
B7,inter_peak,-1,四时距汇总,3,706724,1.41846387,0.00212383,2.12633928,0.00374842,6.79854600,0.01017943,7.95787112,0.03607854
B7,inter_peak,15,15分钟,3,176681,1.40456756,0.00098091,2.10153063,0.00246948,6.73194234,0.00470148,7.87120597,0.02982393
B7,inter_peak,30,30分钟,3,176681,1.41531416,0.00190275,2.12224809,0.00330066,6.78344965,0.00911970,7.94154851,0.03506310
B7,inter_peak,45,45分钟,3,176681,1.42308633,0.00272742,2.13484716,0.00455157,6.82070080,0.01307199,7.98925654,0.03927655
B7,inter_peak,60,60分钟,3,176681,1.43088726,0.00298334,2.14646792,0.00523614,6.85809008,0.01429856,8.02947156,0.04017836
B7,pm_peak,-1,四时距汇总,3,350696,1.76595970,0.00940271,2.81194949,0.02230556,8.79892604,0.04684914,11.08241367,0.11015848
B7,pm_peak,15,15分钟,3,87674,1.73183366,0.00733598,2.73874021,0.01736007,8.62889163,0.03655158,10.80285327,0.09401916
B7,pm_peak,30,30分钟,3,87674,1.75802338,0.00858867,2.80064050,0.01843809,8.75938320,0.04279312,11.00940990,0.10337214
B7,pm_peak,45,45分钟,3,87674,1.77862048,0.01021377,2.83779510,0.02376866,8.86200841,0.05089042,11.18030230,0.11675322
B7,pm_peak,60,60分钟,3,87674,1.79536160,0.01180860,2.86893551,0.02940661,8.94542185,0.05883654,11.33709081,0.12653878
B7,off_peak,-1,四时距汇总,3,1106622,1.84266412,0.00627145,2.75593758,0.00257888,7.82087040,0.02661835,9.37551562,0.07254006
B7,off_peak,15,15分钟,3,275508,1.84993990,0.00832937,2.76562516,0.00281727,7.84697040,0.03533117,9.40855217,0.08393313
B7,off_peak,30,30分钟,3,276329,1.84441849,0.00686124,2.76074147,0.00266356,7.82749446,0.02911854,9.39143817,0.07662860
B7,off_peak,45,45分钟,3,277059,1.83945612,0.00555660,2.75303388,0.00236405,7.80891816,0.02358888,9.35803604,0.06902234
B7,off_peak,60,60分钟,3,277726,1.83690071,0.00437758,2.74439716,0.00267422,7.80028041,0.01858924,9.34433873,0.06070703
